edit/em/em001/00/mod/em001_00_BML.png,em001_00_BML,rathian,8,final/em/em001/00/mod/em001_00_BML.tex,BC1S
edit/em/em001/00/mod/em001_00_eye_BML.png,em001_00_eye_BML,rathian,4,final/em/em001/00/mod/em001_00_eye_BML.tex,BC1S
edit/em/em001/00/mod/em001_00_damage_BM.png,em001_00_damage_BM,rathian,4,final/em/em001/00/mod/em001_00_damage_BM.tex,BC7S
edit/em/em001/01/mod/em001_01_BML.png,em001_01_BML,pink rathian,8,final/em/em001/01/mod/em001_01_BML.tex,BC1S
edit/em/em001/01/mod/em001_01_eye_BML.png,em001_01_eye_BML,pink rathian,4,final/em/em001/01/mod/em001_01_eye_BML.tex,BC1S
edit/em/em001/01/mod/em001_01_damage_BM.png,em001_01_damage_BM,pink rathian,4,final/em/em001/01/mod/em001_01_damage_BM.tex,BC7S
edit/em/em001/02/mod/em001_02_BML.png,em001_02_BML,gold rathian,8,final/em/em001/02/mod/em001_02_BML.tex,BC1S
edit/em/em001/02/mod/em001_02_eye_BML.png,em001_02_eye_BML,gold rathian,4,final/em/em001/02/mod/em001_02_eye_BML.tex,BC1S
edit/em/em001/02/mod/em001_02_damage_BM.png,em001_02_damage_BM,gold rathian,4,final/em/em001/02/mod/em001_02_damage_BM.tex,BC7S
edit/em/em044/00/mod/em044_00_BML.png,em044_00_BML,barroth,8,final/em/em044/00/mod/em044_00_BML.tex,BC1S
edit/em/em044/00/mod/em044_00_eye_BML.png,em044_00_eye_BML,barroth,4,final/em/em044/00/mod/em044_00_eye_BML.tex,BC1S
edit/em/em044/00/mod/em044_00_damage_BM.png,em044_00_damage_BM,barroth,4,final/em/em044/00/mod/em044_00_damage_BM.tex,BC7S
edit/em/em044/00/mod/em044_00_mud_BML.png,em044_00_mud_BML,barroth,4,final/em/em044/00/mod/em044_00_mud_BML.tex,BC1S
edit/em/em002/00/mod/em002_00_BML.png,em002_00_BML,rathalos,8,final/em/em002/00/mod/em002_00_BML.tex,BC1S
edit/em/em002/00/mod/em002_00_eye_BML.png,em002_00_eye_BML,rathalos,4,final/em/em002/00/mod/em002_00_eye_BML.tex,BC1S
edit/em/em002/00/mod/em002_00_damage_BM.png,em002_00_damage_BM,rathalos,4,final/em/em002/00/mod/em002_00_damage_BM.tex,BC7S
edit/em/em002/01/mod/em002_01_BML.png,em002_01_BML,azure rathalos,8,final/em/em002/01/mod/em002_01_BML.tex,BC1S
edit/em/em002/01/mod/em002_01_eye_BML.png,em002_01_eye_BML,azure rathalos,4,final/em/em002/01/mod/em002_01_eye_BML.tex,BC1S
edit/em/em002/01/mod/em002_01_damage_BM.png,em002_01_damage_BM,azure rathalos,4,final/em/em002/01/mod/em002_01_damage_BM.tex,BC7S
edit/em/em002/02/mod/em002_02_BML.png,em002_02_BML,silver rathalos,8,final/em/em002/02/mod/em002_02_BML.tex,BC1S
edit/em/em002/02/mod/em002_02_eye_BML.png,em002_02_eye_BML,silver rathalos,4,final/em/em002/02/mod/em002_02_eye_BML.tex,BC1S
edit/em/em002/02/mod/em002_02_damage_BM.png,em002_02_damage_BM,silver rathalos,4,final/em/em002/02/mod/em002_02_damage_BM.tex,BC7S
edit/em/em007/00/mod/em007_00_BM.png,em007_00_BM,diablos,8,final/em/em007/00/mod/em007_00_BM.tex,BC1S
edit/em/em007/00/mod/em007_00_eye_BML.png,em007_00_eye_BML,diablos,4,final/em/em007/00/mod/em007_00_eye_BML.tex,BC1S
edit/em/em007/00/mod/em007_00_damage_BM.png,em007_00_damage_BM,diablos,4,final/em/em007/00/mod/em007_00_damage_BM.tex,BC7S
edit/em/em007/01/mod/em007_01_BM.png,em007_01_BM,black diablos,8,final/em/em007/01/mod/em007_01_BM.tex,BC1S
edit/em/em007/01/mod/em007_01_eye_BML.png,em007_01_eye_BML,black diablos,4,final/em/em007/01/mod/em007_01_eye_BML.tex,BC1S
edit/em/em007/01/mod/em007_01_damage_BM.png,em007_01_damage_BM,black diablos,4,final/em/em007/01/mod/em007_01_damage_BM.tex,BC7S
edit/em/em011/00/mod/em011_00_BM.png,em011_00_BM,kirin,8,final/em/em011/00/mod/em011_00_BM.tex,BC1S
edit/em/em011/00/mod/em011_00_damage_BM.png,em011_00_damage_BM,kirin,4,final/em/em011/00/mod/em011_00_damage_BM.tex,BC7S
edit/em/em011/00/mod/em011_00_heir_BM.png,em011_00_heir_BM,kirin,4,final/em/em011/00/mod/em011_00_heir_BM.tex,BC7S
edit/em/em013/00/mod/em013_00_eye_BML.png,em013_00_eye_BML,fatalis,4,final/em/em013/00/mod/em013_00_eye_BML.tex,BC1S
edit/em/em013/00/mod/em013_00_metal_BML.png,em013_00_metal_BML,fatalis,4,final/em/em013/00/mod/em013_00_metal_BML.tex,BC1S
edit/em/em013/00/mod/em013_00_BML.png|edit/em/em013/00/mod/em013_00_wing_BML.png,em013_00_BML|em013_00_wing_BML,fatalis,8,final/em/em013/00/mod/em013_00_BML.tex|final/em/em013/00/mod/em013_00_wing_BML.tex,BC1S|BC1S
edit/em/em013/00/mod/em013_00_damage_BML.png,em013_00_damage_BML,fatalis,4,final/em/em013/00/mod/em013_00_damage_BML.tex,BC1S
edit/em/em018/00/mod/em018_00_BML.png,em018_00_BML,yian garuga,8,final/em/em018/00/mod/em018_00_BML.tex,BC1S
edit/em/em018/00/mod/em018_00_eye_BML.png,em018_00_eye_BML,yian garuga,4,final/em/em018/00/mod/em018_00_eye_BML.tex,BC1S
edit/em/em018/00/mod/em018_00_damage_BML.png,em018_00_damage_BML,yian garuga,4,final/em/em018/00/mod/em018_00_damage_BML.tex,BC1S
edit/em/em018/00/mod/em018_00_fur_BML.png,em018_00_fur_BML,yian garuga,4,final/em/em018/00/mod/em018_00_fur_BML.tex,BC1S
edit/em/em018/00/mod/em018_00_furover_BML.png,em018_00_furover_BML,yian garuga,4,final/em/em018/00/mod/em018_00_furover_BML.tex,BC1S
edit/em/em023/00/mod/em023_00_BML.png,em023_00_BML,rajang,8,final/em/em023/00/mod/em023_00_BML.tex,BC1S
edit/em/em023/00/mod/em023_00_eye_BML.png,em023_00_eye_BML,rajang,4,final/em/em023/00/mod/em023_00_eye_BML.tex,BC1S
edit/em/em023/00/mod/em023_00_damage_BML.png,em023_00_damage_BML,rajang,4,final/em/em023/00/mod/em023_00_damage_BML.tex,BC1S
edit/em/em023/00/mod/em023_00_hair_BML.png,em023_00_hair_BML,rajang,4,final/em/em023/00/mod/em023_00_hair_BML.tex,BC1S
edit/em/em023/00/mod/em023_00_hairblend_BML.png,em023_00_hairblend_BML,rajang,4,final/em/em023/00/mod/em023_00_hairblend_BML.tex,BC1S
edit/em/em023/05/mod/em023_05_BML.png,em023_05_BML,furious rajang,8,final/em/em023/05/mod/em023_05_BML.tex,BC1S
edit/em/em023/05/mod/em023_05_eye_BML.png,em023_05_eye_BML,furious rajang,4,final/em/em023/05/mod/em023_05_eye_BML.tex,BC1S
edit/em/em023/05/mod/em023_05_damage_BML.png,em023_05_damage_BML,furious rajang,4,final/em/em023/05/mod/em023_05_damage_BML.tex,BC1S
edit/em/em023/05/mod/em023_05_hair_BML.png,em023_05_hair_BML,furious rajang,4,final/em/em023/05/mod/em023_05_hair_BML.tex,BC1S
edit/em/em023/05/mod/em023_05_hairblend_BML.png,em023_05_hairblend_BML,furious rajang,4,final/em/em023/05/mod/em023_05_hairblend_BML.tex,BC1S
edit/em/em023/05/mod/em023_05_ikari_BM.png,em023_05_ikari_BM,furious rajang,4,final/em/em023/05/mod/em023_05_ikari_BM.tex,BC7S
edit/em/em024/00/mod/em024_00_BML.png,em024_00_BML,kushala daora,8,final/em/em024/00/mod/em024_00_BML.tex,BC1S
edit/em/em024/00/mod/em024_00_env_BM.png,em024_00_env_BM,kushala daora,4,final/em/em024/00/mod/em024_00_env_BM.tex,BC1S
edit/em/em024/00/mod/em024_00_eye_BML.png,em024_00_eye_BML,kushala daora,4,final/em/em024/00/mod/em024_00_eye_BML.tex,BC1S
edit/em/em024/00/mod/em024_00_damage_BM.png,em024_00_damage_BM,kushala daora,4,final/em/em024/00/mod/em024_00_damage_BM.tex,BC7S
edit/em/em026/00/mod/em026_00_BML.png,em026_00_BML,lunastra,8,final/em/em026/00/mod/em026_00_BML.tex,BC1S
edit/em/em026/00/mod/em026_00_eye_BML.png,em026_00_eye_BML,lunastra,4,final/em/em026/00/mod/em026_00_eye_BML.tex,BC1S
edit/em/em026/00/mod/em026_00_damage_BM.png,em026_00_damage_BM,lunastra,4,final/em/em026/00/mod/em026_00_damage_BM.tex,BC7S
edit/em/em026/00/mod/em026_00_hair_BM.png,em026_00_hair_BM,lunastra,4,final/em/em026/00/mod/em026_00_hair_BM.tex,BC7S
edit/em/em026/00/mod/em026_00_hairblend_BML.png,em026_00_hairblend_BML,lunastra,4,final/em/em026/00/mod/em026_00_hairblend_BML.tex,BC1S
edit/em/em027/00/mod/em027_00_BML.png,em027_00_BML|em027_00_hair_BM|em027_00_hairblend_BML,teostra,8,final/em/em027/00/mod/em027_00_BML.tex,BC1S
edit/em/em027/00/mod/em027_00_hair_BM.png|edit/em/em027/00/mod/em027_00_hairblend_BML.png,em027_00_BML|em027_00_hair_BM|em027_00_hairblend_BML,teostra,8,final/em/em027/00/mod/em027_00_hair_BM.tex|final/em/em027/00/mod/em027_00_hairblend_BML.tex,BC7S|BC1S
edit/em/em027/00/mod/em027_00_env_BM.png,em027_00_env_BM,teostra,4,final/em/em027/00/mod/em027_00_env_BM.tex,BC1S
edit/em/em027/00/mod/em027_00_eye_BML.png,em027_00_eye_BML,teostra,4,final/em/em027/00/mod/em027_00_eye_BML.tex,BC1S
edit/em/em032/00/mod/em032_00_BM.png,em032_00_BM,tigrex,8,final/em/em032/00/mod/em032_00_BM.tex,BC7S
edit/em/em032/00/mod/em032_00_damage_BM.png,em032_00_damage_BM,tigrex,4,final/em/em032/00/mod/em032_00_damage_BM.tex,BC7S
edit/em/em032/00/mod/em032_00_eye_BM.png,em032_00_eye_BM,tigrex,4,final/em/em032/00/mod/em032_00_eye_BM.tex,BC1S
edit/em/em032/01/mod/em032_01_BM.png,em032_01_BM,brute tigrex,8,final/em/em032/01/mod/em032_01_BM.tex,BC7S
edit/em/em032/01/mod/em032_01_damage_BM.png,em032_01_damage_BM,brute tigrex,4,final/em/em032/01/mod/em032_01_damage_BM.tex,BC7S
edit/em/em032/01/mod/em032_01_eye_BM.png,em032_01_eye_BM,brute tigrex,4,final/em/em032/01/mod/em032_01_eye_BM.tex,BC1S
edit/em/em036/00/mod/em036_00_BML.png,em036_00_BML,lavasioth,8,final/em/em036/00/mod/em036_00_BML.tex,BC1S
edit/em/em036/00/mod/em036_00_d_BML.png,em036_00_d_BML,lavasioth,8,final/em/em036/00/mod/em036_00_d_BML.tex,BC1S
edit/em/em036/00/mod/em036_00_magma_BML.png,em036_00_magma_BML,lavasioth,4,final/em/em036/00/mod/em036_00_magma_BML.tex,BC1S
edit/em/em037/00/mod/em037_00_BML.png,em037_00_BML,nargacuga,8,final/em/em037/00/mod/em037_00_BML.tex,BC1S
edit/em/em037/00/mod/em037_00_damage_BM.png,em037_00_damage_BM,nargacuga,4,final/em/em037/00/mod/em037_00_damage_BM.tex,BC7S
edit/em/em037/00/mod/em037_00_eye_BML.png,em037_00_eye_BML,nargacuga,4,final/em/em037/00/mod/em037_00_eye_BML.tex,BC1S
edit/em/em037/00/mod/em037_00_hair_BM.png,em037_00_hair_BM,nargacuga,4,final/em/em037/00/mod/em037_00_hair_BM.tex,BC7S
edit/em/em037/00/mod/em037_00_toge_BML.png,em037_00_toge_BML,nargacuga,4,final/em/em037/00/mod/em037_00_toge_BML.tex,BC1S
edit/em/em042/00/mod/em042_00_BML.png,em042_00_BML,barioth,8,final/em/em042/00/mod/em042_00_BML.tex,BC1S
edit/em/em042/00/mod/em042_00_damage_BM.png,em042_00_damage_BM,barioth,4,final/em/em042/00/mod/em042_00_damage_BM.tex,BC7S
edit/em/em042/00/mod/em042_00_eye_BML.png,em042_00_eye_BML,barioth,4,final/em/em042/00/mod/em042_00_eye_BML.tex,BC1S
edit/em/em042/00/mod/em042_00_fur_BM.png,em042_00_fur_BM,barioth,4,final/em/em042/00/mod/em042_00_fur_BM.tex,BC7S
edit/em/em042/00/mod/em042_00_furover_BML.png,em042_00_furover_BML,barioth,4,final/em/em042/00/mod/em042_00_furover_BML.tex,BC1S
edit/em/em042/05/mod/em042_05_BML.png,em042_05_BML,frostfang barioth,8,final/em/em042/05/mod/em042_05_BML.tex,BC1S
edit/em/em042/05/mod/em042_05_damage_BM.png,em042_05_damage_BM,frostfang barioth,4,final/em/em042/05/mod/em042_05_damage_BM.tex,BC7S
edit/em/em042/05/mod/em042_05_eye_BML.png,em042_05_eye_BML,frostfang barioth,4,final/em/em042/05/mod/em042_05_eye_BML.tex,BC1S
edit/em/em042/05/mod/em042_05_fur_BM.png,em042_05_fur_BM,frostfang barioth,4,final/em/em042/05/mod/em042_05_fur_BM.tex,BC7S
edit/em/em042/05/mod/em042_05_furover_BML.png,em042_05_furover_BML,frostfang barioth,4,final/em/em042/05/mod/em042_05_furover_BML.tex,BC1S
edit/em/em042/05/mod/em042_05_hige_BM.png,em042_05_hige_BM,frostfang barioth,4,final/em/em042/05/mod/em042_05_hige_BM.tex,BC7S
edit/em/em042/05/mod/em042_05_ice_BML.png,em042_05_ice_BML,frostfang barioth,4,final/em/em042/05/mod/em042_05_ice_BML.tex,BC1S
edit/em/em043/00/mod/em043_00_BML.png,em043_00_BML,deviljho,8,final/em/em043/00/mod/em043_00_BML.tex,BC1S
edit/em/em043/00/mod/em043_00_damage_BM.png,em043_00_damage_BM,deviljho,4,final/em/em043/00/mod/em043_00_damage_BM.tex,BC7S
edit/em/em043/00/mod/em043_00_eye_BML.png,em043_00_eye_BML,deviljho,4,final/em/em043/00/mod/em043_00_eye_BML.tex,BC1S
edit/em/em043/00/mod/em043_00_BML.png,em043_00_BML,savage deviljho,8,final/em/em043/00/mod/em043_00_BML.tex,BC1S
edit/em/em043/00/mod/em043_00_damage_BM.png,em043_00_damage_BM,savage deviljho,4,final/em/em043/00/mod/em043_00_damage_BM.tex,BC7S
edit/em/em043/00/mod/em043_00_eye_BML.png,em043_00_eye_BML,savage deviljho,4,final/em/em043/00/mod/em043_00_eye_BML.tex,BC1S
edit/em/em045/00/mod/em045_00_BML.png,em045_00_BML,uragaan,8,final/em/em045/00/mod/em045_00_BML.tex,BC1S
edit/em/em045/00/mod/em045_00_damage_BM.png,em045_00_damage_BM,uragaan,4,final/em/em045/00/mod/em045_00_damage_BM.tex,BC7S
edit/em/em045/00/mod/em045_00_eye_BML.png,em045_00_eye_BML,uragaan,4,final/em/em045/00/mod/em045_00_eye_BML.tex,BC1S
edit/em/em050/00/mod/em050_00_BML.png,em050_00_BML,alatreon,8,final/em/em050/00/mod/em050_00_BML.tex,BC1S
edit/em/em050/00/mod/em050_00_damage_BM.png,em050_00_damage_BM,alatreon,4,final/em/em050/00/mod/em050_00_damage_BM.tex,BC7S
edit/em/em050/00/mod/em050_00_eye_BML.png,em050_00_eye_BML,alatreon,4,final/em/em050/00/mod/em050_00_eye_BML.tex,BC1S
edit/em/em050/00/mod/em050_00_wing_BML.png,em050_00_wing_BML,alatreon,8,final/em/em050/00/mod/em050_00_wing_BML.tex,BC1S
edit/em/en050/00/mod/en050_00_env_BM.png,en050_00_env_BM,alatreon,4,final/em/en050/00/mod/en050_00_env_BM.tex,BC1S
edit/em/em057/00/mod/em057_00_BM.png,em057_00_BM,zinogre,8,final/em/em057/00/mod/em057_00_BM.tex,BC1S
edit/em/em057/00/mod/em057_00_damage_BM.png,em057_00_damage_BM,zinogre,4,final/em/em057/00/mod/em057_00_damage_BM.tex,BC7S
edit/em/em057/00/mod/em057_00_eye_BML.png,em057_00_eye_BML,zinogre,4,final/em/em057/00/mod/em057_00_eye_BML.tex,BC1S
edit/em/em057/00/mod/em057_00_fur_BM.png,em057_00_fur_BM,zinogre,4,final/em/em057/00/mod/em057_00_fur_BM.tex,BC7S
edit/em/em057/00/mod/em057_00_furbase_BML.png,em057_00_furbase_BML,zinogre,4,final/em/em057/00/mod/em057_00_furbase_BML.tex,BC1S
edit/em/em057/01/mod/em057_01_BM.png,em057_01_BM,stygian zinogre,8,final/em/em057/01/mod/em057_01_BM.tex,BC1S
edit/em/em057/01/mod/em057_01_damage_BM.png,em057_01_damage_BM,stygian zinogre,4,final/em/em057/01/mod/em057_01_damage_BM.tex,BC7S
edit/em/em057/01/mod/em057_01_eye_BML.png,em057_01_eye_BML,stygian zinogre,4,final/em/em057/01/mod/em057_01_eye_BML.tex,BC1S
edit/em/em057/01/mod/em057_01_fur_BM.png,em057_01_fur_BM,stygian zinogre,4,final/em/em057/01/mod/em057_01_fur_BM.tex,BC7S
edit/em/em057/01/mod/em057_01_furbase_BML.png,em057_01_furbase_BML,stygian zinogre,4,final/em/em057/01/mod/em057_01_furbase_BML.tex,BC1S
edit/em/em063/00/mod/em063_00_BML.png,em063_00_BML,brachydios,8,final/em/em063/00/mod/em063_00_BML.tex,BC1S
edit/em/em063/00/mod/em063_00_damage_BM.png,em063_00_damage_BM,brachydios,4,final/em/em063/00/mod/em063_00_damage_BM.tex,BC7S
edit/em/em063/00/mod/em063_00_eye_BML.png,em063_00_eye_BML,brachydios,4,final/em/em063/00/mod/em063_00_eye_BML.tex,BC1S
edit/em/em063/00/mod/em063_00_nenkin_BM.png,em063_00_nenkin_BM,brachydios,4,final/em/em063/00/mod/em063_00_nenkin_BM.tex,BC7S
edit/em/em063/05/mod/em063_05_BML.png,em063_05_BML,raging brachydios,8,final/em/em063/05/mod/em063_05_BML.tex,BC1S
edit/em/em063/05/mod/em063_05_damage_2_BM.png,em063_05_damage_2_BM,raging brachydios,4,final/em/em063/05/mod/em063_05_damage_2_BM.tex,BC7S
edit/em/em063/05/mod/em063_05_damage_BM.png,em063_05_damage_BM,raging brachydios,4,final/em/em063/05/mod/em063_05_damage_BM.tex,BC7S
edit/em/em063/05/mod/em063_05_eye_BML.png,em063_05_eye_BML,raging brachydios,4,final/em/em063/05/mod/em063_05_eye_BML.tex,BC1S
edit/em/em063/05/mod/em063_05_nenkin_BM.png,em063_05_nenkin_BM,raging brachydios,4,final/em/em063/05/mod/em063_05_nenkin_BM.tex,BC7S
edit/em/em080/00/mod/em080_00_blend_BML.png,em080_00_blend_BML,glavenus,4,final/em/em080/00/mod/em080_00_blend_BML.tex,BC1S
edit/em/em080/00/mod/em080_00_BML.png,em080_00_BML,glavenus,8,final/em/em080/00/mod/em080_00_BML.tex,BC1S
edit/em/em080/00/mod/em080_00_damage_blend_BM.png,em080_00_damage_blend_BM,glavenus,4,final/em/em080/00/mod/em080_00_damage_blend_BM.tex,BC7S
edit/em/em080/00/mod/em080_00_damage_BM.png,em080_00_damage_BM,glavenus,4,final/em/em080/00/mod/em080_00_damage_BM.tex,BC7S
edit/em/em080/ey/mod/em080_eye_BML.png,em080_eye_BML,glavenus,4,final/em/em080/ey/mod/em080_eye_BML.tex,BC1S
edit/em/em080/00/mod/em080_00_rust_BML.png,em080_00_rust_BML,glavenus,4,final/em/em080/00/mod/em080_00_rust_BML.tex,BC1S
edit/em/em080/01/mod/em080_01_acid_BM.png,em080_01_acid_BM,acidic glavenus,4,final/em/em080/01/mod/em080_01_acid_BM.tex,BC7S
edit/em/em080/01/mod/em080_01_acidblade_blend_BML.png,em080_01_acidblade_blend_BML,acidic glavenus,4,final/em/em080/01/mod/em080_01_acidblade_blend_BML.tex,BC1S
edit/em/em080/01/mod/em080_01_acidblade_BML.png,em080_01_acidblade_BML,acidic glavenus,4,final/em/em080/01/mod/em080_01_acidblade_BML.tex,BC1S
edit/em/em080/01/mod/em080_01_blend_BML.png,em080_01_blend_BML,acidic glavenus,4,final/em/em080/01/mod/em080_01_blend_BML.tex,BC1S
edit/em/em080/01/mod/em080_01_BML.png,em080_01_BML,acidic glavenus,8,final/em/em080/01/mod/em080_01_BML.tex,BC1S
edit/em/em080/01/mod/em080_01_damage_BM.png,em080_01_damage_BM,acidic glavenus,4,final/em/em080/01/mod/em080_01_damage_BM.tex,BC7S
edit/em/em080/01/mod/em080_01_eye_BML.png,em080_01_eye_BML,acidic glavenus,4,final/em/em080/01/mod/em080_01_eye_BML.tex,BC1S
edit/em/em100/00/mod/em100_00_BML.png,em100_00_BML,anjanath,8,final/em/em100/00/mod/em100_00_BML.tex,BC1S
edit/em/em100/00/mod/em100_00_damage_BM.png,em100_00_damage_BM,anjanath,4,final/em/em100/00/mod/em100_00_damage_BM.tex,BC7S
edit/em/em100/00/mod/em100_00_eye_BM.png,em100_00_eye_BM,anjanath,4,final/em/em100/00/mod/em100_00_eye_BM.tex,BC1S
edit/em/em100/00/mod/em100_00_fur_BM.png,em100_00_fur_BM,anjanath,4,final/em/em100/00/mod/em100_00_fur_BM.tex,BC7S
edit/em/em100/01/mod/em100_01_BML.png,em100_01_BML,fulgar anjanath,8,final/em/em100/01/mod/em100_01_BML.tex,BC1S
edit/em/em100/01/mod/em100_01_damage_BM.png,em100_01_damage_BM,fulgar anjanath,4,final/em/em100/01/mod/em100_01_damage_BM.tex,BC7S
edit/em/em100/01/mod/em100_01_eye_BM.png,em100_01_eye_BM,fulgar anjanath,4,final/em/em100/01/mod/em100_01_eye_BM.tex,BC1S
edit/em/em100/01/mod/em100_01_fur_2_BM.png,em100_01_fur_2_BM,fulgar anjanath,4,final/em/em100/01/mod/em100_01_fur_2_BM.tex,BC1S
edit/em/em100/01/mod/em100_01_fur_BM.png,em100_01_fur_BM,fulgar anjanath,4,final/em/em100/01/mod/em100_01_fur_BM.tex,BC7S
edit/em/em101/00/mod/em101_00_BML.png,em101_00_BML,great jagras,8,final/em/em101/00/mod/em101_00_BML.tex,BC1S
edit/em/em101/00/mod/em101_00_damage_BM.png,em101_00_damage_BM,great jagras,4,final/em/em101/00/mod/em101_00_damage_BM.tex,BC7S
edit/em/em101/00/mod/em101_00_eye_BML.png,em101_00_eye_BML,great jagras,4,final/em/em101/00/mod/em101_00_eye_BML.tex,BC1S
edit/em/em101/00/mod/em101_00_meat_BML.png,em101_00_meat_BML,great jagras,4,final/em/em101/00/mod/em101_00_meat_BML.tex,BC1S
edit/em/em102/00/mod/em102_00_BML.png,em102_00_BML,pukei pukei,8,final/em/em102/00/mod/em102_00_BML.tex,BC1S
edit/em/em102/00/mod/em102_00_damage_BM.png,em102_00_damage_BM,pukei pukei,4,final/em/em102/00/mod/em102_00_damage_BM.tex,BC7S
edit/em/em102/00/mod/em102_00_eye_BML.png,em102_00_eye_BML,pukei pukei,4,final/em/em102/00/mod/em102_00_eye_BML.tex,BC1S
edit/em/em102/00/mod/em102_00_faceblend_BML.png,em102_00_faceblend_BML,pukei pukei,4,final/em/em102/00/mod/em102_00_faceblend_BML.tex,BC1S
edit/em/em102/00/mod/em102_00_feather_BM.png,em102_00_feather_BM,pukei pukei,4,final/em/em102/00/mod/em102_00_feather_BM.tex,BC7S
edit/em/em102/00/mod/em102_00_featherblend_BML.png,em102_00_featherblend_BML,pukei pukei,4,final/em/em102/00/mod/em102_00_featherblend_BML.tex,BC1S
edit/em/em102/00/mod/em102_00_featherover_BML.png,em102_00_featherover_BML,pukei pukei,4,final/em/em102/00/mod/em102_00_featherover_BML.tex,BC1S
edit/em/em102/01/mod/em102_01_BML.png,em102_01_BML,coral pukei pukei,8,final/em/em102/01/mod/em102_01_BML.tex,BC1S
edit/em/em102/01/mod/em102_01_damage_BM.png,em102_01_damage_BM,coral pukei pukei,4,final/em/em102/01/mod/em102_01_damage_BM.tex,BC7S
edit/em/em102/01/mod/em102_01_eye_BML.png,em102_01_eye_BML,coral pukei pukei,4,final/em/em102/01/mod/em102_01_eye_BML.tex,BC1S
edit/em/em102/01/mod/em102_01_faceblend_BML.png,em102_01_faceblend_BML,coral pukei pukei,4,final/em/em102/01/mod/em102_01_faceblend_BML.tex,BC1S
edit/em/em102/01/mod/em102_01_feather_BM.png,em102_01_feather_BM,coral pukei pukei,4,final/em/em102/01/mod/em102_01_feather_BM.tex,BC7S
edit/em/em102/01/mod/em102_01_featherblend_BML.png,em102_01_featherblend_BML,coral pukei pukei,4,final/em/em102/01/mod/em102_01_featherblend_BML.tex,BC1S
edit/em/em102/01/mod/em102_01_featherover_BML.png,em102_01_featherover_BML,coral pukei pukei,4,final/em/em102/01/mod/em102_01_featherover_BML.tex,BC1S
edit/em/em103/00/mod/em103_00_BML.png,em103_00_BML,nergigante,8,final/em/em103/00/mod/em103_00_BML.tex,BC1S
edit/em/em103/00/mod/em103_00_damage_BM.png,em103_00_damage_BM,nergigante,4,final/em/em103/00/mod/em103_00_damage_BM.tex,BC7S
edit/em/em103/00/mod/em103_00_eye_BML.png,em103_00_eye_BML,nergigante,4,final/em/em103/00/mod/em103_00_eye_BML.tex,BC1S
edit/em/em103/00/mod/em103_00_thorn_black_BM.png,em103_00_thorn_black_BM,nergigante,4,final/em/em103/00/mod/em103_00_thorn_black_BM.tex,BC7S
edit/em/em103/00/mod/em103_00_thorn_white_BM.png,em103_00_thorn_white_BM,nergigante,4,final/em/em103/00/mod/em103_00_thorn_white_BM.tex,BC7S
edit/em/em103/05/mod/em103_05_BML.png,em103_05_BML,ruiner nergigante,8,final/em/em103/05/mod/em103_05_BML.tex,BC1S
edit/em/em103/05/mod/em103_05_damage_BM.png,em103_05_damage_BM,ruiner nergigante,4,final/em/em103/05/mod/em103_05_damage_BM.tex,BC7S
edit/em/em103/05/mod/em103_05_eye_BML.png,em103_05_eye_BML,ruiner nergigante,4,final/em/em103/05/mod/em103_05_eye_BML.tex,BC1S
edit/em/em103/05/mod/em103_05_kyouka_BM.png,em103_05_kyouka_BM,ruiner nergigante,4,final/em/em103/05/mod/em103_05_kyouka_BM.tex,BC1S
edit/em/em103/05/mod/em103_05_thorn_black_BM.png,em103_05_thorn_black_BM,ruiner nergigante,4,final/em/em103/05/mod/em103_05_thorn_black_BM.tex,BC7S
edit/em/em103/05/mod/em103_05_thorn_white_BM.png,em103_05_thorn_white_BM,ruiner nergigante,4,final/em/em103/05/mod/em103_05_thorn_white_BM.tex,BC7S
