edit/em/em001/00/mod/em001_00_BML.png|edit/em/em001/00/mod/em001_00_eye_BML.png|edit/em/em001/00/mod/em001_00_damage_BM.png,em001_00_BML|em001_00_eye_BML|em001_00_damage_BM,rathian,4,final/em/em001/00/mod/em001_00_BML.tex|final/em/em001/00/mod/em001_00_eye_BML.tex|final/em/em001/00/mod/em001_00_damage_BM.tex,BC1S|BC1S|BC7S
edit/em/em001/01/mod/em001_01_BML.png|edit/em/em001/01/mod/em001_01_eye_BML.png|edit/em/em001/01/mod/em001_01_damage_BM.png,em001_01_BML|em001_01_eye_BML|em001_01_damage_BM,pink rathian,4,final/em/em001/01/mod/em001_01_BML.tex|final/em/em001/01/mod/em001_01_eye_BML.tex|final/em/em001/01/mod/em001_01_damage_BM.tex,BC1S|BC1S|BC7S
edit/em/em001/02/mod/em001_02_BML.png|edit/em/em001/02/mod/em001_02_eye_BML.png|edit/em/em001/02/mod/em001_02_damage_BM.png,em001_02_BML|em001_02_eye_BML|em001_02_damage_BM,gold rathian,4,final/em/em001/02/mod/em001_02_BML.tex|final/em/em001/02/mod/em001_02_eye_BML.tex|final/em/em001/02/mod/em001_02_damage_BM.tex,BC1S|BC1S|BC7S
edit/em/em044/00/mod/em044_00_BML.png|edit/em/em044/00/mod/em044_00_eye_BML.png|edit/em/em044/00/mod/em044_00_damage_BM.png,em044_00_BML|em044_00_eye_BML|em044_00_damage_BM,barroth,4,final/em/em044/00/mod/em044_00_BML.tex|final/em/em044/00/mod/em044_00_eye_BML.tex|final/em/em044/00/mod/em044_00_damage_BM.tex,BC1S|BC1S|BC7S
edit/em/em044/00/mod/em044_00_mud_BML.png,em044_00_mud_BML,barroth,4,final/em/em044/00/mod/em044_00_mud_BML.tex,BC1S
edit/em/em002/00/mod/em002_00_BML.png|edit/em/em002/00/mod/em002_00_eye_BML.png|edit/em/em002/00/mod/em002_00_damage_BM.png,em002_00_BML|em002_00_eye_BML|em002_00_damage_BM,rathalos,4,final/em/em002/00/mod/em002_00_BML.tex|final/em/em002/00/mod/em002_00_eye_BML.tex|final/em/em002/00/mod/em002_00_damage_BM.tex,BC1S|BC1S|BC7S
edit/em/em002/01/mod/em002_01_BML.png|edit/em/em002/01/mod/em002_01_eye_BML.png|edit/em/em002/01/mod/em002_01_damage_BM.png,em002_01_BML|em002_01_eye_BML|em002_01_damage_BM,azure rathalos,4,final/em/em002/01/mod/em002_01_BML.tex|final/em/em002/01/mod/em002_01_eye_BML.tex|final/em/em002/01/mod/em002_01_damage_BM.tex,BC1S|BC1S|BC7S
edit/em/em002/02/mod/em002_02_BML.png|edit/em/em002/02/mod/em002_02_eye_BML.png|edit/em/em002/02/mod/em002_02_damage_BM.png,em002_02_BML|em002_02_eye_BML|em002_02_damage_BM,silver rathalos,4,final/em/em002/02/mod/em002_02_BML.tex|final/em/em002/02/mod/em002_02_eye_BML.tex|final/em/em002/02/mod/em002_02_damage_BM.tex,BC1S|BC1S|BC7S
edit/em/em007/00/mod/em007_00_BM.png|edit/em/em007/00/mod/em007_00_eye_BML.png|edit/em/em007/00/mod/em007_00_damage_BM.png,em007_00_BM|em007_00_eye_BML|em007_00_damage_BM,diablos,4,final/em/em007/00/mod/em007_00_BM.tex|final/em/em007/00/mod/em007_00_eye_BML.tex|final/em/em007/00/mod/em007_00_damage_BM.tex,BC1S|BC1S|BC7S
edit/em/em007/01/mod/em007_01_BM.png|edit/em/em007/01/mod/em007_01_eye_BML.png|edit/em/em007/01/mod/em007_01_damage_BM.png,em007_01_BM|em007_01_eye_BML|em007_01_damage_BM,black diablos,4,final/em/em007/01/mod/em007_01_BM.tex|final/em/em007/01/mod/em007_01_eye_BML.tex|final/em/em007/01/mod/em007_01_damage_BM.tex,BC1S|BC1S|BC7S
edit/em/em011/00/mod/em011_00_BM.png|edit/em/em011/00/mod/em011_00_damage_BM.png|edit/em/em011/00/mod/em011_00_heir_BM.png,em011_00_BM|em011_00_damage_BM|em011_00_heir_BM,kirin,4,final/em/em011/00/mod/em011_00_BM.tex|final/em/em011/00/mod/em011_00_damage_BM.tex|final/em/em011/00/mod/em011_00_heir_BM.tex,BC1S|BC7S|BC7S
edit/em/em013/00/mod/em013_00_eye_BML.png|edit/em/em013/00/mod/em013_00_metal_BML.png|edit/em/em013/00/mod/em013_00_BML.png|edit/em/em013/00/mod/em013_00_wing_BML.png|edit/em/em013/00/mod/em013_00_damage_BML.png,em013_00_eye_BML|em013_00_metal_BML|em013_00_BML|em013_00_wing_BML|em013_00_damage_BML,fatalis,4,final/em/em013/00/mod/em013_00_eye_BML.tex|final/em/em013/00/mod/em013_00_metal_BML.tex|final/em/em013/00/mod/em013_00_BML.tex|final/em/em013/00/mod/em013_00_wing_BML.tex|final/em/em013/00/mod/em013_00_damage_BML.tex,BC1S|BC1S|BC1S|BC1S|BC1S
edit/em/em018/00/mod/em018_00_BML.png|edit/em/em018/00/mod/em018_00_eye_BML.png|edit/em/em018/00/mod/em018_00_damage_BML.png|edit/em/em018/00/mod/em018_00_fur_BML.png|edit/em/em018/00/mod/em018_00_furover_BML.png,em018_00_BML|em018_00_eye_BML|em018_00_damage_BML|em018_00_fur_BML|em018_00_furover_BML,yian garuga,4,final/em/em018/00/mod/em018_00_BML.tex|final/em/em018/00/mod/em018_00_eye_BML.tex|final/em/em018/00/mod/em018_00_damage_BML.tex|final/em/em018/00/mod/em018_00_fur_BML.tex|final/em/em018/00/mod/em018_00_furover_BML.tex,BC1S|BC1S|BC1S|BC1S|BC1S
edit/em/em023/00/mod/em023_00_BML.png|edit/em/em023/00/mod/em023_00_eye_BML.png|edit/em/em023/00/mod/em023_00_damage_BML.png|edit/em/em023/00/mod/em023_00_hair_BML.png|edit/em/em023/00/mod/em023_00_hairblend_BML.png,em023_00_BML|em023_00_eye_BML|em023_00_damage_BML|em023_00_hair_BML|em023_00_hairblend_BML,rajang,4,final/em/em023/00/mod/em023_00_BML.tex|final/em/em023/00/mod/em023_00_eye_BML.tex|final/em/em023/00/mod/em023_00_damage_BML.tex|final/em/em023/00/mod/em023_00_hair_BML.tex|final/em/em023/00/mod/em023_00_hairblend_BML.tex,BC1S|BC1S|BC1S|BC1S|BC1S
edit/em/em023/05/mod/em023_05_BML.png|edit/em/em023/05/mod/em023_05_eye_BML.png|edit/em/em023/05/mod/em023_05_damage_BML.png|edit/em/em023/05/mod/em023_05_hair_BML.png|edit/em/em023/05/mod/em023_05_hairblend_BML.png|edit/em/em023/05/mod/em023_05_ikari_BM.png,em023_05_BML|em023_05_eye_BML|em023_05_damage_BML|em023_05_hair_BML|em023_05_hairblend_BML|em023_05_ikari_BM,furious rajang,4,final/em/em023/05/mod/em023_05_BML.tex|final/em/em023/05/mod/em023_05_eye_BML.tex|final/em/em023/05/mod/em023_05_damage_BML.tex|final/em/em023/05/mod/em023_05_hair_BML.tex|final/em/em023/05/mod/em023_05_hairblend_BML.tex|final/em/em023/05/mod/em023_05_ikari_BM.tex,BC1S|BC1S|BC1S|BC1S|BC1S|BC7S
edit/em/em024/00/mod/em024_00_BML.png|edit/em/em024/00/mod/em024_00_env_BM.png|edit/em/em024/00/mod/em024_00_eye_BML.png|edit/em/em024/00/mod/em024_00_damage_BM.png,em024_00_BML|em024_00_env_BM|em024_00_eye_BML|em024_00_damage_BM,kushala daora,4,final/em/em024/00/mod/em024_00_BML.tex|final/em/em024/00/mod/em024_00_env_BM.tex|final/em/em024/00/mod/em024_00_eye_BML.tex|final/em/em024/00/mod/em024_00_damage_BM.tex,BC1S|BC1S|BC1S|BC7S
edit/em/em026/00/mod/em026_00_BML.png|edit/em/em026/00/mod/em026_00_eye_BML.png|edit/em/em026/00/mod/em026_00_damage_BM.png|edit/em/em026/00/mod/em026_00_hair_BM.png|edit/em/em026/00/mod/em026_00_hairblend_BML.png,em026_00_BML|em026_00_eye_BML|em026_00_damage_BM|em026_00_hair_BM|em026_00_hairblend_BML,lunastra,4,final/em/em026/00/mod/em026_00_BML.tex|final/em/em026/00/mod/em026_00_eye_BML.tex|final/em/em026/00/mod/em026_00_damage_BM.tex|final/em/em026/00/mod/em026_00_hair_BM.tex|final/em/em026/00/mod/em026_00_hairblend_BML.tex,BC1S|BC1S|BC7S|BC7S|BC1S
edit/em/em027/00/mod/em027_00_BML.png|edit/em/em027/00/mod/em027_00_hair_BM.png|edit/em/em027/00/mod/em027_00_hairblend_BML.png|edit/em/em027/00/mod/em027_00_env_BM.png|edit/em/em027/00/mod/em027_00_eye_BML.png,em027_00_BML|em027_00_hair_BM|em027_00_hairblend_BML|em027_00_env_BM|em027_00_eye_BML,teostra,4,final/em/em027/00/mod/em027_00_BML.tex|final/em/em027/00/mod/em027_00_hair_BM.tex|final/em/em027/00/mod/em027_00_hairblend_BML.tex|final/em/em027/00/mod/em027_00_env_BM.tex|final/em/em027/00/mod/em027_00_eye_BML.tex,BC1S|BC7S|BC1S|BC1S|BC1S
edit/em/em032/00/mod/em032_00_BM.png|edit/em/em032/00/mod/em032_00_damage_BM.png|edit/em/em032/00/mod/em032_00_eye_BM.png,em032_00_BM|em032_00_damage_BM|em032_00_eye_BM,tigrex,4,final/em/em032/00/mod/em032_00_BM.tex|final/em/em032/00/mod/em032_00_damage_BM.tex|final/em/em032/00/mod/em032_00_eye_BM.tex,BC7S|BC7S|BC1S
edit/em/em032/01/mod/em032_01_BM.png|edit/em/em032/01/mod/em032_01_damage_BM.png|edit/em/em032/01/mod/em032_01_eye_BM.png,em032_01_BM|em032_01_damage_BM|em032_01_eye_BM,brute tigrex,4,final/em/em032/01/mod/em032_01_BM.tex|final/em/em032/01/mod/em032_01_damage_BM.tex|final/em/em032/01/mod/em032_01_eye_BM.tex,BC7S|BC7S|BC1S
edit/em/em036/00/mod/em036_00_BML.png|edit/em/em036/00/mod/em036_00_d_BML.png|edit/em/em036/00/mod/em036_00_magma_BML.png,em036_00_BML|em036_00_d_BML|em036_00_magma_BML,lavasioth,4,final/em/em036/00/mod/em036_00_BML.tex|final/em/em036/00/mod/em036_00_d_BML.tex|final/em/em036/00/mod/em036_00_magma_BML.tex,BC1S|BC1S|BC1S
edit/em/em037/00/mod/em037_00_BML.png|edit/em/em037/00/mod/em037_00_damage_BM.png|edit/em/em037/00/mod/em037_00_eye_BML.png|edit/em/em037/00/mod/em037_00_hair_BM.png|edit/em/em037/00/mod/em037_00_toge_BML.png,em037_00_BML|em037_00_damage_BM|em037_00_eye_BML|em037_00_hair_BM|em037_00_toge_BML,nargacuga,4,final/em/em037/00/mod/em037_00_BML.tex|final/em/em037/00/mod/em037_00_damage_BM.tex|final/em/em037/00/mod/em037_00_eye_BML.tex|final/em/em037/00/mod/em037_00_hair_BM.tex|final/em/em037/00/mod/em037_00_toge_BML.tex,BC1S|BC7S|BC1S|BC7S|BC1S
edit/em/em042/00/mod/em042_00_BML.png|edit/em/em042/00/mod/em042_00_damage_BM.png|edit/em/em042/00/mod/em042_00_eye_BML.png|edit/em/em042/00/mod/em042_00_fur_BM.png|edit/em/em042/00/mod/em042_00_furover_BML.png,em042_00_BML|em042_00_damage_BM|em042_00_eye_BML|em042_00_fur_BM|em042_00_furover_BML,barioth,4,final/em/em042/00/mod/em042_00_BML.tex|final/em/em042/00/mod/em042_00_damage_BM.tex|final/em/em042/00/mod/em042_00_eye_BML.tex|final/em/em042/00/mod/em042_00_fur_BM.tex|final/em/em042/00/mod/em042_00_furover_BML.tex,BC1S|BC7S|BC1S|BC7S|BC1S
edit/em/em042/05/mod/em042_05_BML.png|edit/em/em042/05/mod/em042_05_damage_BM.png|edit/em/em042/05/mod/em042_05_eye_BML.png|edit/em/em042/05/mod/em042_05_fur_BM.png|edit/em/em042/05/mod/em042_05_furover_BML.png|edit/em/em042/05/mod/em042_05_hige_BM.png|edit/em/em042/05/mod/em042_05_ice_BML.png,em042_05_BML|em042_05_damage_BM|em042_05_eye_BML|em042_05_fur_BM|em042_05_furover_BML|em042_05_hige_BM|em042_05_ice_BML,frostfang barioth,4,final/em/em042/05/mod/em042_05_BML.tex|final/em/em042/05/mod/em042_05_damage_BM.tex|final/em/em042/05/mod/em042_05_eye_BML.tex|final/em/em042/05/mod/em042_05_fur_BM.tex|final/em/em042/05/mod/em042_05_furover_BML.tex|final/em/em042/05/mod/em042_05_hige_BM.tex|final/em/em042/05/mod/em042_05_ice_BML.tex,BC1S|BC7S|BC1S|BC7S|BC1S|BC7S|BC1S
edit/em/em043/00/mod/em043_00_BML.png|edit/em/em043/00/mod/em043_00_damage_BM.png|edit/em/em043/00/mod/em043_00_eye_BML.png,em043_00_BML|em043_00_damage_BM|em043_00_eye_BML,deviljho,4,final/em/em043/00/mod/em043_00_BML.tex|final/em/em043/00/mod/em043_00_damage_BM.tex|final/em/em043/00/mod/em043_00_eye_BML.tex,BC1S|BC7S|BC1S
edit/em/em043/00/mod/em043_00_BML.png|edit/em/em043/00/mod/em043_00_damage_BM.png|edit/em/em043/00/mod/em043_00_eye_BML.png,em043_00_BML|em043_00_damage_BM|em043_00_eye_BML,savage deviljho,4,final/em/em043/00/mod/em043_00_BML.tex|final/em/em043/00/mod/em043_00_damage_BM.tex|final/em/em043/00/mod/em043_00_eye_BML.tex,BC1S|BC7S|BC1S
edit/em/em045/00/mod/em045_00_BML.png|edit/em/em045/00/mod/em045_00_damage_BM.png|edit/em/em045/00/mod/em045_00_eye_BML.png,em045_00_BML|em045_00_damage_BM|em045_00_eye_BML,uragaan,4,final/em/em045/00/mod/em045_00_BML.tex|final/em/em045/00/mod/em045_00_damage_BM.tex|final/em/em045/00/mod/em045_00_eye_BML.tex,BC1S|BC7S|BC1S
edit/em/em050/00/mod/em050_00_BML.png|edit/em/em050/00/mod/em050_00_wing_BML.png|edit/em/em050/00/mod/em050_00_damage_BM.png|edit/em/em050/00/mod/em050_00_eye_BML.png|edit/em/em050/00/mod/en050_00_env_BM.png,em050_00_BML|em050_00_wing_BML|em050_00_damage_BM|em050_00_eye_BML|en050_00_env_BM,alatreon,4,final/em/em050/00/mod/em050_00_BML.tex|final/em/em050/00/mod/em050_00_wing_BML.tex|final/em/em050/00/mod/em050_00_damage_BM.tex|final/em/em050/00/mod/em050_00_eye_BML.tex|final/em/em050/00/mod/en050_00_env_BM.tex,BC1S|BC1S|BC7S|BC1S|BC1S
edit/em/em057/00/mod/em057_00_BM.png|edit/em/em057/00/mod/em057_00_damage_BM.png|edit/em/em057/00/mod/em057_00_eye_BML.png|edit/em/em057/00/mod/em057_00_fur_BM.png|edit/em/em057/00/mod/em057_00_furbase_BML.png,em057_00_BM|em057_00_damage_BM|em057_00_eye_BML|em057_00_fur_BM|em057_00_furbase_BML,zinogre,4,final/em/em057/00/mod/em057_00_BM.tex|final/em/em057/00/mod/em057_00_damage_BM.tex|final/em/em057/00/mod/em057_00_eye_BML.tex|final/em/em057/00/mod/em057_00_fur_BM.tex|final/em/em057/00/mod/em057_00_furbase_BML.tex,BC1S|BC7S|BC1S|BC7S|BC1S
edit/em/em057/01/mod/em057_01_BM.png|edit/em/em057/01/mod/em057_01_damage_BM.png|edit/em/em057/01/mod/em057_01_eye_BML.png|edit/em/em057/01/mod/em057_01_fur_BM.png|edit/em/em057/01/mod/em057_01_furbase_BML.png,em057_01_BM|em057_01_damage_BM|em057_01_eye_BML|em057_01_fur_BM|em057_01_furbase_BML,stygian zinogre,4,final/em/em057/01/mod/em057_01_BM.tex|final/em/em057/01/mod/em057_01_damage_BM.tex|final/em/em057/01/mod/em057_01_eye_BML.tex|final/em/em057/01/mod/em057_01_fur_BM.tex|final/em/em057/01/mod/em057_01_furbase_BML.tex,BC1S|BC7S|BC1S|BC7S|BC1S
edit/em/em063/00/mod/em063_00_BML.png|edit/em/em063/00/mod/em063_00_damage_BM.png|edit/em/em063/00/mod/em063_00_eye_BML.png|edit/em/em063/00/mod/em063_00_nenkin_BM.png,em063_00_BML|em063_00_damage_BM|em063_00_eye_BML|em063_00_nenkin_BM,brachydios,4,final/em/em063/00/mod/em063_00_BML.tex|final/em/em063/00/mod/em063_00_damage_BM.tex|final/em/em063/00/mod/em063_00_eye_BML.tex|final/em/em063/00/mod/em063_00_nenkin_BM.tex,BC1S|BC7S|BC1S|BC7S
edit/em/em063/05/mod/em063_05_BML.png|edit/em/em063/05/mod/em063_05_damage_2_BM.png|edit/em/em063/05/mod/em063_05_damage_BM.png|edit/em/em063/05/mod/em063_05_eye_BML.png|edit/em/em063/05/mod/em063_05_nenkin_BM.png,em063_05_BML|em063_05_damage_2_BM|em063_05_damage_BM|em063_05_eye_BML|em063_05_nenkin_BM,raging brachydios,4,final/em/em063/05/mod/em063_05_BML.tex|final/em/em063/05/mod/em063_05_damage_2_BM.tex|final/em/em063/05/mod/em063_05_damage_BM.tex|final/em/em063/05/mod/em063_05_eye_BML.tex|final/em/em063/05/mod/em063_05_nenkin_BM.tex,BC1S|BC7S|BC7S|BC1S|BC7S
edit/em/em080/00/mod/em080_00_blend_BML.png|edit/em/em080/00/mod/em080_00_BML.png|edit/em/em080/00/mod/em080_00_damage_blend_BM.png|edit/em/em080/00/mod/em080_00_damage_BM.png|edit/em/em080/00/mod/em080_00_eye_BML.png|edit/em/em080/00/mod/em080_00_rust_BML.png,em080_00_blend_BML|em080_00_BML|em080_00_damage_blend_BM|em080_00_damage_BM|em080_00_eye_BML|em080_00_rust_BML,glavenus,4,final/em/em080/00/mod/em080_00_blend_BML.tex|final/em/em080/00/mod/em080_00_BML.tex|final/em/em080/00/mod/em080_00_damage_blend_BM.tex|final/em/em080/00/mod/em080_00_damage_BM.tex|final/em/em080/00/mod/em080_00_eye_BML.tex|final/em/em080/00/mod/em080_00_rust_BML.tex,BC1S|BC1S|BC7S|BC7S|BC1S|BC1S
edit/em/em080/01/mod/em080_01_acid_BM.png|edit/em/em080/01/mod/em080_01_acidblade_blend_BML.png|edit/em/em080/01/mod/em080_01_acidblade_BML.png|edit/em/em080/01/mod/em080_01_blend_BML.png|edit/em/em080/01/mod/em080_01_BML.png|edit/em/em080/01/mod/em080_01_damage_BM.png|edit/em/em080/01/mod/em080_01_eye_BML.png,em080_01_acid_BM|em080_01_acidblade_blend_BML|em080_01_acidblade_BML|em080_01_blend_BML|em080_01_BML|em080_01_damage_BM|em080_01_eye_BML,acidic glavenus,4,final/em/em080/01/mod/em080_01_acid_BM.tex|final/em/em080/01/mod/em080_01_acidblade_blend_BML.tex|final/em/em080/01/mod/em080_01_acidblade_BML.tex|final/em/em080/01/mod/em080_01_blend_BML.tex|final/em/em080/01/mod/em080_01_BML.tex|final/em/em080/01/mod/em080_01_damage_BM.tex|final/em/em080/01/mod/em080_01_eye_BML.tex,BC7S|BC1S|BC1S|BC1S|BC1S|BC7S|BC1S
edit/em/em100/00/mod/em100_00_BML.png|edit/em/em100/00/mod/em100_00_damage_BM.png|edit/em/em100/00/mod/em100_00_eye_BM.png|edit/em/em100/00/mod/em100_00_fur_BM.png,em100_00_BML|em100_00_damage_BM|em100_00_eye_BM|em100_00_fur_BM,anjanath,4,final/em/em100/00/mod/em100_00_BML.tex|final/em/em100/00/mod/em100_00_damage_BM.tex|final/em/em100/00/mod/em100_00_eye_BM.tex|final/em/em100/00/mod/em100_00_fur_BM.tex,BC1S|BC7S|BC1S|BC7S
edit/em/em100/01/mod/em100_01_BML.png|edit/em/em100/01/mod/em100_01_damage_BM.png|edit/em/em100/01/mod/em100_01_eye_BM.png|edit/em/em100/01/mod/em100_01_fur_2_BM.png|edit/em/em100/01/mod/em100_01_fur_BM.png,em100_01_BML|em100_01_damage_BM|em100_01_eye_BM|em100_01_fur_2_BM|em100_01_fur_BM,fulgar anjanath,4,final/em/em100/01/mod/em100_01_BML.tex|final/em/em100/01/mod/em100_01_damage_BM.tex|final/em/em100/01/mod/em100_01_eye_BM.tex|final/em/em100/01/mod/em100_01_fur_2_BM.tex|final/em/em100/01/mod/em100_01_fur_BM.tex,BC1S|BC7S|BC1S|BC1S|BC7S
edit/em/em101/00/mod/em101_00_BML.png|edit/em/ems049/00/mod/ems049_00_BML.png|edit/em/em101/00/mod/em101_00_damage_BM.png|edit/em/em101/00/mod/em101_00_eye_BML.png|edit/em/em101/00/mod/em101_00_meat_BML.png,em101_00_BML|ems049_00_BML|em101_00_damage_BM|em101_00_eye_BML|em101_00_meat_BML,great jagras,4,final/em/em101/00/mod/em101_00_BML.tex|final/em/ems049/00/mod/ems049_00_BML.tex|final/em/em101/00/mod/em101_00_damage_BM.tex|final/em/em101/00/mod/em101_00_eye_BML.tex|final/em/em101/00/mod/em101_00_meat_BML.tex,BC1S|BC1S|BC7S|BC1S|BC1S
edit/em/em102/00/mod/em102_00_damage_BM.png|edit/em/em102/00/mod/em102_00_eye_BML.png|edit/em/em102/00/mod/em102_00_BML.png|edit/em/em102/00/mod/em102_00_faceblend_BML.png|edit/em/em102/00/mod/em102_00_feather_BM.png|edit/em/em102/00/mod/em102_00_featherblend_BML.png|edit/em/em102/00/mod/em102_00_featherover_BML.png,em102_00_damage_BM|em102_00_eye_BML|em102_00_BML|em102_00_faceblend_BML|em102_00_feather_BM|em102_00_featherblend_BML|em102_00_featherover_BML,pukei pukei,4,final/em/em102/00/mod/em102_00_damage_BM.tex|final/em/em102/00/mod/em102_00_eye_BML.tex|final/em/em102/00/mod/em102_00_BML.tex|final/em/em102/00/mod/em102_00_faceblend_BML.tex|final/em/em102/00/mod/em102_00_feather_BM.tex|final/em/em102/00/mod/em102_00_featherblend_BML.tex|final/em/em102/00/mod/em102_00_featherover_BML.tex,BC7S|BC1S|BC1S|BC1S|BC7S|BC1S|BC1S
edit/em/em102/01/mod/em102_01_damage_BM.png|edit/em/em102/01/mod/em102_01_eye_BML.png|edit/em/em102/01/mod/em102_01_BML.png|edit/em/em102/01/mod/em102_01_faceblend_BML.png|edit/em/em102/01/mod/em102_01_feather_BM.png|edit/em/em102/01/mod/em102_01_featherblend_BML.png|edit/em/em102/01/mod/em102_01_featherover_BML.png,em102_01_damage_BM|em102_01_eye_BML|em102_01_BML|em102_01_faceblend_BML|em102_01_feather_BM|em102_01_featherblend_BML|em102_01_featherover_BML,coral pukei pukei,4,final/em/em102/01/mod/em102_01_damage_BM.tex|final/em/em102/01/mod/em102_01_eye_BML.tex|final/em/em102/01/mod/em102_01_BML.tex|final/em/em102/01/mod/em102_01_faceblend_BML.tex|final/em/em102/01/mod/em102_01_feather_BM.tex|final/em/em102/01/mod/em102_01_featherblend_BML.tex|final/em/em102/01/mod/em102_01_featherover_BML.tex,BC7S|BC1S|BC1S|BC1S|BC7S|BC1S|BC1S
edit/em/em103/00/mod/em103_00_BML.png|edit/em/em103/00/mod/em103_00_damage_BM.png|edit/em/em103/00/mod/em103_00_eye_BML.png|edit/em/em103/00/mod/em103_00_thorn_black_BM.png|edit/em/em103/00/mod/em103_00_thorn_white_BM.png,em103_00_BML|em103_00_damage_BM|em103_00_eye_BML|em103_00_thorn_black_BM|em103_00_thorn_white_BM,nergigante,4,final/em/em103/00/mod/em103_00_BML.tex|final/em/em103/00/mod/em103_00_damage_BM.tex|final/em/em103/00/mod/em103_00_eye_BML.tex|final/em/em103/00/mod/em103_00_thorn_black_BM.tex|final/em/em103/00/mod/em103_00_thorn_white_BM.tex,BC1S|BC7S|BC1S|BC7S|BC7S
edit/em/em103/05/mod/em103_05_BML.png|edit/em/em103/05/mod/em103_05_damage_BM.png|edit/em/em103/05/mod/em103_05_eye_BML.png|edit/em/em103/05/mod/em103_05_kyouka_BM.png|edit/em/em103/05/mod/em103_05_thorn_black_BM.png|edit/em/em103/05/mod/em103_05_thorn_white_BM.png,em103_05_BML|em103_05_damage_BM|em103_05_eye_BML|em103_05_kyouka_BM|em103_05_thorn_black_BM|em103_05_thorn_white_BM,ruiner nergigante,4,final/em/em103/05/mod/em103_05_BML.tex|final/em/em103/05/mod/em103_05_damage_BM.tex|final/em/em103/05/mod/em103_05_eye_BML.tex|final/em/em103/05/mod/em103_05_kyouka_BM.tex|final/em/em103/05/mod/em103_05_thorn_black_BM.tex|final/em/em103/05/mod/em103_05_thorn_white_BM.tex,BC1S|BC7S|BC1S|BC1S|BC7S|BC7S
edit/em/em104/00/mod/em104_00_BML.png|edit/em/em104/00/mod/em104_00_wing_BML.png|edit/em/em104/00/mod/em104_00_damage_BM.png|edit/em/em104/00/mod/em104_00_eye_BML.png,em104_00_BML|em104_00_wing_BML|em104_00_damage_BM|em104_00_eye_BML,safijiiva,4,final/em/em104/00/mod/em104_00_BML.tex|final/em/em104/00/mod/em104_00_wing_BML.tex|final/em/em104/00/mod/em104_00_damage_BM.tex|final/em/em104/00/mod/em104_00_eye_BML.tex,BC1S|BC1S|BC7S|BC1S
edit/em/em105/00/mod/em105_00_00_BML.png|edit/em/em105/00/mod/em105_00_01_BML.png|edit/em/em105/00/mod/em105_00_damage_BM.png|edit/em/em105/00/mod/em105_00_hone_BM.png,em105_00_00_BML|em105_00_01_BML|em105_00_damage_BM|em105_00_hone_BM,xenojiiva,4,final/em/em105/00/mod/em105_00_00_BML.tex|final/em/em105/00/mod/em105_00_01_BML.tex|final/em/em105/00/mod/em105_00_damage_BM.tex|final/em/em105/00/mod/em105_00_hone_BM.tex,BC1S|BC1S|BC7S|BC7S
edit/em/em106/00/mod/em106_00_BM.png|edit/em/em106/00/mod/em106_00_front_leg_BM.png|edit/em/em106/00/mod/em106_00_head_BM.png|edit/em/em106/00/mod/em106_00_hind_leg_BM.png|edit/em/em106/00/mod/em106_00_coreground_BM.png|edit/em/em106/00/mod/em106_00_damage_BM.png|edit/em/em106/00/mod/em106_00_eye_BML.png|edit/em/em106/00/mod/em106_00_metal_BM.png|edit/em/em106/00/mod/gnd06_lava3_02_BML.png|edit/em/em106/00/mod/box120_043_00_BML.png|edit/em/em106/00/mod/gnd05_rock_04a_BML.png|edit/em/em106/00/mod/stm520_000_00_BML.png|edit/em/em106/00/mod/stm520_024_00_BML.png|edit/em/em106/00/mod/stm520_050_00a_BML.png|edit/em/em106/00/mod/stm650_001_00_00_BML.png|edit/em/em106/00/mod/stm650_001_00_01_BML.png|edit/em/em106/00/mod/stm650_002_00_00_BML.png|edit/em/em106/00/mod/stm650_002_00_01_BML.png|edit/em/em106/00/mod/stm650_002_00_02_BML.png|edit/em/em106/00/mod/stm650_003_00_00_BML.png|edit/em/em106/00/mod/stm650_003_00_01_BML.png|edit/em/em106/00/mod/stm650_004_00_00_BML.png|edit/em/em106/00/mod/stm650_004_00_01_BML.png|edit/em/em106/00/mod/stm650_005_00_00_BML.png|edit/em/em106/00/mod/stm650_005_00_01_BML.png|edit/em/em106/00/mod/stm650_006_00_00_BML.png|edit/em/em106/00/mod/stm650_006_00_01_BML.png|edit/em/em106/00/mod/stm650_007_00a_BML.png|edit/em/em106/00/mod/yougan00_BM.png|edit/em/ems060/00/mod/ems060_00_BM.png|edit/em/ems060/01/mod/ems060_01_head_core_BML.png|edit/em/ems060/01/mod/ems060_01_tail_core_BM.png,em106_00_BM|em106_00_front_leg_BM|em106_00_head_BM|em106_00_hind_leg_BM|em106_00_coreground_BM|em106_00_damage_BM|em106_00_eye_BML|em106_00_metal_BM|gnd06_lava3_02_BML|box120_043_00_BML|gnd05_rock_04a_BML|stm520_000_00_BML|stm520_024_00_BML|stm520_050_00a_BML|stm650_001_00_00_BML|stm650_001_00_01_BML|stm650_002_00_00_BML|stm650_002_00_01_BML|stm650_002_00_02_BML|stm650_003_00_00_BML|stm650_003_00_01_BML|stm650_004_00_00_BML|stm650_004_00_01_BML|stm650_005_00_00_BML|stm650_005_00_01_BML|stm650_006_00_00_BML|stm650_006_00_01_BML|stm650_007_00a_BML|yougan00_BM|ems060_00_BM|ems060_01_head_core_BML|ems060_01_tail_core_BM,zorah,4,final/em/em106/00/mod/em106_00_BM.tex|final/em/em106/00/mod/em106_00_front_leg_BM.tex|final/em/em106/00/mod/em106_00_head_BM.tex|final/em/em106/00/mod/em106_00_hind_leg_BM.tex|final/em/em106/00/mod/em106_00_coreground_BM.tex|final/em/em106/00/mod/em106_00_damage_BM.tex|final/em/em106/00/mod/em106_00_eye_BML.tex|final/em/em106/00/mod/em106_00_metal_BM.tex|final/em/em106/00/mod/gnd06_lava3_02_BML.tex|final/em/em106/00/mod/box120_043_00_BML.tex|final/em/em106/00/mod/gnd05_rock_04a_BML.tex|final/em/em106/00/mod/stm520_000_00_BML.tex|final/em/em106/00/mod/stm520_024_00_BML.tex|final/em/em106/00/mod/stm520_050_00a_BML.tex|final/em/em106/00/mod/stm650_001_00_00_BML.tex|final/em/em106/00/mod/stm650_001_00_01_BML.tex|final/em/em106/00/mod/stm650_002_00_00_BML.tex|final/em/em106/00/mod/stm650_002_00_01_BML.tex|final/em/em106/00/mod/stm650_002_00_02_BML.tex|final/em/em106/00/mod/stm650_003_00_00_BML.tex|final/em/em106/00/mod/stm650_003_00_01_BML.tex|final/em/em106/00/mod/stm650_004_00_00_BML.tex|final/em/em106/00/mod/stm650_004_00_01_BML.tex|final/em/em106/00/mod/stm650_005_00_00_BML.tex|final/em/em106/00/mod/stm650_005_00_01_BML.tex|final/em/em106/00/mod/stm650_006_00_00_BML.tex|final/em/em106/00/mod/stm650_006_00_01_BML.tex|final/em/em106/00/mod/stm650_007_00a_BML.tex|final/em/em106/00/mod/yougan00_BM.tex|final/em/ems060/00/mod/ems060_00_BM.tex|final/em/ems060/01/mod/ems060_01_head_core_BML.tex|final/em/ems060/01/mod/ems060_01_tail_core_BM.tex,BC1S|BC1S|BC1S|BC1S|BC1S|BC7S|BC1S|BC1S|BC1S|BC1S|BC1S|BC1S|BC1S|BC1S|BC1S|BC1S|BC1S|BC1S|BC1S|BC1S|BC1S|BC1S|BC1S|BC1S|BC1S|BC1S|BC1S|BC1S|BC1S|BC1S|BC1S|BC1S
edit/em/em107/00/mod/em107_00_BM.png|edit/em/em107/00/mod/em107_00_damage_BM.png|edit/em/em107/00/mod/em107_00_eye_bML.png|edit/em/em107/00/mod/em107_bombrock_BML.png|edit/em/em107/00/mod/em107_hardrock_BML.png|edit/em/em107/00/mod/em107_rock_BML.png,em107_00_BM|em107_00_damage_BM|em107_00_eye_bML|em107_bombrock_BML|em107_hardrock_BML|em107_rock_BML,kulu,4,final/em/em107/00/mod/em107_00_BM.tex|final/em/em107/00/mod/em107_00_damage_BM.tex|final/em/em107/00/mod/em107_00_eye_bML.tex|final/em/em107/00/mod/em107_bombrock_BML.tex|final/em/em107/00/mod/em107_hardrock_BML.tex|final/em/em107/00/mod/em107_rock_BML.tex,BC1S|BC7S|BC1S|BC1S|BC1S|BC1S
edit/em/em108/00/mod/em108_00_BM.png|edit/em/em108/00/mod/em108_00_damage_BM.png|edit/em/em108/00/mod/em108_00_mud_BM.png,em108_00_BM|em108_00_damage_BM|em108_00_mud_BM,jyuratodus,4,final/em/em108/00/mod/em108_00_BM.tex|final/em/em108/00/mod/em108_00_damage_BM.tex|final/em/em108/00/mod/em108_00_mud_BM.tex,BC7S|BC7S|BC1S
edit/em/em109/00/mod/em109_00_1_BML.png|edit/em/em109/00/mod/em109_00_BML.png|edit/em/em109/00/mod/em109_00_damage_BM.png|edit/em/em109/00/mod/em109_00_eye_BML.png,em109_00_1_BML|em109_00_BML|em109_00_damage_BM|em109_00_eye_BML,tobi,4,final/em/em109/00/mod/em109_00_1_BML.tex|final/em/em109/00/mod/em109_00_BML.tex|final/em/em109/00/mod/em109_00_damage_BM.tex|final/em/em109/00/mod/em109_00_eye_BML.tex,BC1S|BC1S|BC7S|BC1S
edit/em/em109/01/mod/em109_01_1_BML.png|edit/em/em109/01/mod/em109_01_BML.png|edit/em/em109/01/mod/em109_01_damage_BM.png|edit/em/em109/01/mod/em109_01_eye_BML.png|edit/em/em109/01/mod/em109_01_thorn_BM.png,em109_01_1_BML|em109_01_BML|em109_01_damage_BM|em109_01_eye_BML|em109_01_thorn_BM,viper tobi,4,final/em/em109/01/mod/em109_01_1_BML.tex|final/em/em109/01/mod/em109_01_BML.tex|final/em/em109/01/mod/em109_01_damage_BM.tex|final/em/em109/01/mod/em109_01_eye_BML.tex|final/em/em109/01/mod/em109_01_thorn_BM.tex,BC1S|BC1S|BC7S|BC1S|BC7S
edit/em/em110/00/mod/em110_00_BM.png|edit/em/em110/00/mod/em110_00_damage_BM.png|edit/em/em110/00/mod/em110_00_eye_BML.png|edit/em/em110/00/mod/em110_00_sphere_BM.png,em110_00_BM|em110_00_damage_BM|em110_00_eye_BML|em110_00_sphere_BM,paolumu,4,final/em/em110/00/mod/em110_00_BM.tex|final/em/em110/00/mod/em110_00_damage_BM.tex|final/em/em110/00/mod/em110_00_eye_BML.tex|final/em/em110/00/mod/em110_00_sphere_BM.tex,BC7S|BC7S|BC1S|BC1S
edit/em/em110/01/mod/em110_01_BM.png|edit/em/em110/01/mod/em110_01_damage_BM.png|edit/em/em110/01/mod/em110_01_eye_BML.png|edit/em/em110/01/mod/em110_01_sphere_BM.png,em110_01_BM|em110_01_damage_BM|em110_01_eye_BML|em110_01_sphere_BM,nightshade paolumu,4,final/em/em110/01/mod/em110_01_BM.tex|final/em/em110/01/mod/em110_01_damage_BM.tex|final/em/em110/01/mod/em110_01_eye_BML.tex|final/em/em110/01/mod/em110_01_sphere_BM.tex,BC7S|BC7S|BC1S|BC1S
edit/em/em111/00/mod/em111_00_BML.png|edit/em/em111/00/mod/em111_00_damage_BM.png|edit/em/em111/00/mod/em111_00_eye_BM.png|edit/em/em111/00/mod/em111_00_ice_B_BM.png|edit/em/em111/00/mod/em111_00_ice_BM.png,em111_00_BML|em111_00_damage_BM|em111_00_eye_BM|em111_00_ice_B_BM|em111_00_ice_BM,legiana,4,final/em/em111/00/mod/em111_00_BML.tex|final/em/em111/00/mod/em111_00_damage_BM.tex|final/em/em111/00/mod/em111_00_eye_BM.tex|final/em/em111/00/mod/em111_00_ice_B_BM.tex|final/em/em111/00/mod/em111_00_ice_BM.tex,BC1S|BC7S|BC1S|BC7S|BC7S
edit/em/em111/05/mod/em111_05_BML.png|edit/em/em111/05/mod/em111_05_damage_BM.png|edit/em/em111/05/mod/em111_05_eye_BM.png|edit/em/em111/05/mod/em111_05_ice_B_BM.png|edit/em/em111/05/mod/em111_05_ice_BM.png|edit/em/em111/05/mod/em111_05_ice_C_BM.png,em111_05_BML|em111_05_damage_BM|em111_05_eye_BM|em111_05_ice_B_BM|em111_05_ice_BM|em111_05_ice_C_BM,shrieking legiana,4,final/em/em111/05/mod/em111_05_BML.tex|final/em/em111/05/mod/em111_05_damage_BM.tex|final/em/em111/05/mod/em111_05_eye_BM.tex|final/em/em111/05/mod/em111_05_ice_B_BM.tex|final/em/em111/05/mod/em111_05_ice_BM.tex|final/em/em111/05/mod/em111_05_ice_C_BM.tex,BC1S|BC7S|BC1S|BC7S|BC7S|BC7S
edit/em/em112/00/mod/em112_00_BM.png|edit/em/ems056/00/mod/ems056_00_BM.png|edit/em/em112/00/mod/em112_00_damage_BM.png|edit/em/em112/00/mod/em112_00_eye_BML.png,em112_00_BM|ems056_00_BM|em112_00_damage_BM|em112_00_eye_BML,great girros,4,final/em/em112/00/mod/em112_00_BM.tex|final/em/ems056/00/mod/ems056_00_BM.tex|final/em/em112/00/mod/em112_00_damage_BM.tex|final/em/em112/00/mod/em112_00_eye_BML.tex,BC1S|BC1S|BC7S|BC1S
edit/em/em113/00/mod/em113_00_BML.png|edit/em/em113/00/mod/em113_00_damage_BM.png,em113_00_BML|em113_00_damage_BM,odogaron,4,final/em/em113/00/mod/em113_00_BML.tex|final/em/em113/00/mod/em113_00_damage_BM.tex,BC1S|BC7S
edit/em/em113/01/mod/em113_01_BML.png|edit/em/em113/01/mod/em113_01_damage_BM.png,em113_01_BML|em113_01_damage_BM,ebony odogaron,4,final/em/em113/01/mod/em113_01_BML.tex|final/em/em113/01/mod/em113_01_damage_BM.tex,BC1S|BC7S
edit/em/em114/00/mod/em114_00_BML.png|edit/em/em114/00/mod/em114_00_bone_BML.png|edit/em/em114/00/mod/em114_00_damage_BM.png|edit/em/em114/00/mod/em114_00_eye_BML.png,em114_00_BML|em114_00_bone_BML|em114_00_damage_BM|em114_00_eye_BML,radobaan,4,final/em/em114/00/mod/em114_00_BML.tex|final/em/em114/00/mod/em114_00_bone_BML.tex|final/em/em114/00/mod/em114_00_damage_BM.tex|final/em/em114/00/mod/em114_00_eye_BML.tex,BC1S|BC1S|BC7S|BC1S
edit/em/em115/00/mod/em115_00_BML.png|edit/em/em115/00/mod/em115_00_damage_BM.png|edit/em/em115/00/mod/em115_00_eye_BM.png,em115_00_BML|em115_00_damage_BM|em115_00_eye_BM,vaal,4,final/em/em115/00/mod/em115_00_BML.tex|final/em/em115/00/mod/em115_00_damage_BM.tex|final/em/em115/00/mod/em115_00_eye_BM.tex,BC1S|BC7S|BC1S
edit/em/em115/05/mod/em115_05_BML.png|edit/em/em115/05/mod/em115_05_damage_BM.png|edit/em/em115/05/mod/em115_05_eye_BM.png|edit/em/em115/05/mod/em115_05_mold_BML.png,em115_05_BML|em115_05_damage_BM|em115_05_eye_BM|em115_05_mold_BML,blackveil vaal,4,final/em/em115/05/mod/em115_05_BML.tex|final/em/em115/05/mod/em115_05_damage_BM.tex|final/em/em115/05/mod/em115_05_eye_BM.tex|final/em/em115/05/mod/em115_05_mold_BML.tex,BC1S|BC7S|BC1S|BC1S
edit/em/em116/00/mod/em116_00_BM.png|edit/em/em116/00/mod/em116_00_damage_BM.png|edit/em/em116/00/mod/em116_00_eye_BM.png|edit/em/em116/00/mod/em116_00_rock_BM.png,em116_00_BM|em116_00_damage_BM|em116_00_eye_BM|em116_00_rock_BM,dodogama,4,final/em/em116/00/mod/em116_00_BM.tex|final/em/em116/00/mod/em116_00_damage_BM.tex|final/em/em116/00/mod/em116_00_eye_BM.tex|final/em/em116/00/mod/em116_00_rock_BM.tex,BC1S|BC7S|BC1S|BC1S
edit/em/em117/00/mod/em117_00_BML.png|edit/em/em117/00/mod/em117_00_gold_BML.png|edit/em/em117/00/mod/em117_00_melthorn_BML.png|edit/em/em117/00/mod/em117_00_damage_BM.png|edit/em/em117/00/mod/em117_00_env_BML.png|edit/em/em117/00/mod/em117_00_eye_BML.png|edit/em/em117/00/mod/em117_00_gold_damage_BM.png|edit/em/em117/00/mod/em117_00_noise_BML.png,em117_00_BML|em117_00_gold_BML|em117_00_melthorn_BML|em117_00_damage_BM|em117_00_env_BML|em117_00_eye_BML|em117_00_gold_damage_BM|em117_00_noise_BML,kulve,4,final/em/em117/00/mod/em117_00_BML.tex|final/em/em117/00/mod/em117_00_gold_BML.tex|final/em/em117/00/mod/em117_00_melthorn_BML.tex|final/em/em117/00/mod/em117_00_damage_BM.tex|final/em/em117/00/mod/em117_00_env_BML.tex|final/em/em117/00/mod/em117_00_eye_BML.tex|final/em/em117/00/mod/em117_00_gold_damage_BM.tex|final/em/em117/00/mod/em117_00_noise_BML.tex,BC1S|BC1S|BC1S|BC7S|BC1S|BC1S|BC7S|BC1S
edit/em/em118/00/mod/em118_00_BML.png|edit/em/em118/00/mod/em118_00_bomb_BM.png|edit/em/em118/00/mod/em118_00_damage_BM.png|edit/em/em118/00/mod/em118_00_eye_BML.png,em118_00_BML|em118_00_bomb_BM|em118_00_damage_BM|em118_00_eye_BML,bazel,4,final/em/em118/00/mod/em118_00_BML.tex|final/em/em118/00/mod/em118_00_bomb_BM.tex|final/em/em118/00/mod/em118_00_damage_BM.tex|final/em/em118/00/mod/em118_00_eye_BML.tex,BC1S|BC7S|BC7S|BC1S
edit/em/em118/05/mod/em118_05_BML.png|edit/em/em118/05/mod/em118_05_bomb_BM.png|edit/em/em118/05/mod/em118_05_damage_BM.png|edit/em/em118/05/mod/em118_05_eye_BML.png,em118_05_BML|em118_05_bomb_BM|em118_05_damage_BM|em118_05_eye_BML,seething bazel,4,final/em/em118/05/mod/em118_05_BML.tex|final/em/em118/05/mod/em118_05_bomb_BM.tex|final/em/em118/05/mod/em118_05_damage_BM.tex|final/em/em118/05/mod/em118_05_eye_BML.tex,BC1S|BC7S|BC7S|BC1S
edit/em/em120/00/mod/em120_00_BM.png|edit/em/em120/00/mod/em120_00_damage_BM.png|edit/em/em120/00/mod/em120_00_eye_BM.png,em120_00_BM|em120_00_damage_BM|em120_00_eye_BM,tzi tzi,4,final/em/em120/00/mod/em120_00_BM.tex|final/em/em120/00/mod/em120_00_damage_BM.tex|final/em/em120/00/mod/em120_00_eye_BM.tex,BC1S|BC7S|BC1S
edit/em/em121/00/mod/em121_00_BM.png|edit/em/em121/00/mod/em121_00_comet_BML.png|edit/em/em121/00/mod/em121_00_damage_BM.png|edit/em/em121/00/mod/em121_00_eye_BML.png|edit/em/em121/00/mod/em121_00_fur_BM.png,em121_00_BM|em121_00_comet_BML|em121_00_damage_BM|em121_00_eye_BML|em121_00_fur_BM,behemoth,4,final/em/em121/00/mod/em121_00_BM.tex|final/em/em121/00/mod/em121_00_comet_BML.tex|final/em/em121/00/mod/em121_00_damage_BM.tex|final/em/em121/00/mod/em121_00_eye_BML.tex|final/em/em121/00/mod/em121_00_fur_BM.tex,BC1S|BC1S|BC7S|BC1S|BC7S
edit/em/em122/00/mod/em122_00_BML.png|edit/em/em122/00/mod/em122_00_damage_BM.png|edit/em/em122/00/mod/em122_00_eye_BML.png|edit/em/em122/00/mod/em122_00_snow_BML.png,em122_00_BML|em122_00_damage_BM|em122_00_eye_BML|em122_00_snow_BML,beotodus,4,final/em/em122/00/mod/em122_00_BML.tex|final/em/em122/00/mod/em122_00_damage_BM.tex|final/em/em122/00/mod/em122_00_eye_BML.tex|final/em/em122/00/mod/em122_00_snow_BML.tex,BC1S|BC7S|BC1S|BC1S
edit/em/em123/00/mod/em123_00_BM.png|edit/em/em123/00/mod/em123_00_damage_BM.png|edit/em/em123/00/mod/em123_00_eye_BML.png|edit/em/em123/00/mod/em123_00_fur_BM.png,em123_00_BM|em123_00_damage_BM|em123_00_eye_BML|em123_00_fur_BM,banbaro,4,final/em/em123/00/mod/em123_00_BM.tex|final/em/em123/00/mod/em123_00_damage_BM.tex|final/em/em123/00/mod/em123_00_eye_BML.tex|final/em/em123/00/mod/em123_00_fur_BM.tex,BC1S|BC7S|BC1S|BC7S
edit/em/em124/00/mod/em124_00_BML.png|edit/em/em124/00/mod/em124_00_crystal_BML.png|edit/em/em124/00/mod/em124_00_damage_BM.png|edit/em/em124/00/mod/em124_00_eye_BML.png|edit/em/em124/00/mod/em124_00_ice_BM.png|edit/em/em124/00/mod/em124_00_iceblend_BM.png,em124_00_BML|em124_00_crystal_BML|em124_00_damage_BM|em124_00_eye_BML|em124_00_ice_BM|em124_00_iceblend_BM,velkhana,4,final/em/em124/00/mod/em124_00_BML.tex|final/em/em124/00/mod/em124_00_crystal_BML.tex|final/em/em124/00/mod/em124_00_damage_BM.tex|final/em/em124/00/mod/em124_00_eye_BML.tex|final/em/em124/00/mod/em124_00_ice_BM.tex|final/em/em124/00/mod/em124_00_iceblend_BM.tex,BC1S|BC1S|BC7S|BC1S|BC7S|BC7S
edit/em/em125/00/mod/em125_00_BM.png|edit/em/em125/00/mod/em125_00_damage_BM.png|edit/em/em125/00/mod/em125_00_eye_BML.png,em125_00_BM|em125_00_damage_BM|em125_00_eye_BML,namielle,4,final/em/em125/00/mod/em125_00_BM.tex|final/em/em125/00/mod/em125_00_damage_BM.tex|final/em/em125/00/mod/em125_00_eye_BML.tex,BC1S|BC7S|BC1S
edit/em/em126/00/mod/em126_00_00_BML.png|edit/em/em126/00/mod/em126_00_00_dg_BML.png|edit/em/em126/00/mod/em126_00_01_BML.png|edit/em/em126/00/mod/em126_00_01_dg_BML.png|edit/em/em126/00/mod/em126_00_01_eye_BML.png|edit/em/em126/00/mod/em126_00_eye_BML.png,em126_00_00_BML|em126_00_00_dg_BML|em126_00_01_BML|em126_00_01_dg_BML|em126_00_01_eye_BML|em126_00_eye_BML,shara,4,final/em/em126/00/mod/em126_00_00_BML.tex|final/em/em126/00/mod/em126_00_00_dg_BML.tex|final/em/em126/00/mod/em126_00_01_BML.tex|final/em/em126/00/mod/em126_00_01_dg_BML.tex|final/em/em126/00/mod/em126_00_01_eye_BML.tex|final/em/em126/00/mod/em126_00_eye_BML.tex,BC1S|BC1S|BC1S|BC1S|BC1S|BC1S
edit/em/em127/00/mod/em127_00_BM.png|edit/em/em127/00/mod/em127_00_damage_BM.png,em127_00_BM|em127_00_damage_BM,leshen,4,final/em/em127/00/mod/em127_00_BM.tex|final/em/em127/00/mod/em127_00_damage_BM.tex,BC7S|BC7S
edit/em/em127/01/mod/em127_01_BM.png|edit/em/em127/01/mod/em127_01_damage_BM.png,em127_01_BM|em127_01_damage_BM,ancient leshen,4,final/em/em127/01/mod/em127_01_BM.tex|final/em/em127/01/mod/em127_01_damage_BM.tex,BC7S|BC7S
edit/em/ems001/00/mod/ems001_00_01_BML.png,ems001_00_01_BML,aptonoth,4,final/em/ems001/00/mod/ems001_00_01_BML.tex,BC1S
edit/em/ems002/00/mod/ems002_00_BML.png,ems002_00_BML,apceros,4,final/em/ems002/00/mod/ems002_00_BML.tex,BC1S
edit/em/ems003/00/mod/ems003_00_BM.png|edit/em/ems003/05/mod/ems003_05_BM.png,ems003_00_BM|ems003_05_BM,kelbi,4,final/em/ems003/00/mod/ems003_00_BM.tex|final/em/ems003/05/mod/ems003_05_BM.tex,BC7S|BC7S
edit/em/ems004/00/mod/ems004_00_BM.png|edit/em/ems004/00/mod/ems004_00_glitter_BM.png,ems004_00_BM|ems004_00_glitter_BM,mosswine,4,final/em/ems004/00/mod/ems004_00_BM.tex|final/em/ems004/00/mod/ems004_00_glitter_BM.tex,BC1S|BC7S
edit/em/ems005/01/mod/ems005_01_BM.png,ems005_01_BM,hornetaur,4,final/em/ems005/01/mod/ems005_01_BM.tex,BC1S
edit/em/ems006/00/mod/ems006_00_BM.png,ems006_00_BM,vespoid,4,final/em/ems006/00/mod/ems006_00_BM.tex,BC7S
edit/em/ems014/00/mod/ems014_00_BML.png,ems014_00_BML,popo,4,final/em/ems014/00/mod/ems014_00_BML.tex,BC1S
edit/em/ems016/00/mod/ems016_00_BML.png,ems016_00_BML,anteka,4,final/em/ems016/00/mod/ems016_00_BML.tex,BC1S
edit/em/ems029/00/mod/ems029_00_BM.png,ems029_00_BM,gajau,4,final/em/ems029/00/mod/ems029_00_BM.tex,BC7S
edit/em/ems050/00/mod/ems050_00_BM.png,ems050_00_BM,mernos,4,final/em/ems050/00/mod/ems050_00_BM.tex,BC7S
edit/em/ems051/00/mod/ems051_00_BM.png|edit/em/ems051/05/mod/ems051_05_BM.png,ems051_00_BM|ems051_05_BM,kestodon,4,final/em/ems051/00/mod/ems051_00_BM.tex|final/em/ems051/05/mod/ems051_05_BM.tex,BC1S|BC1S
edit/em/ems053/00/mod/ems053_00_BM.png,ems053_00_BM,raphinos,4,final/em/ems053/00/mod/ems053_00_BM.tex,BC1S
edit/em/ems054/00/mod/ems054_00_BML.png|edit/em/ems054/00/mod/ems054_00_eye_BML.png,ems054_00_BML|ems054_00_eye_BML,shamos,4,final/em/ems054/00/mod/ems054_00_BML.tex|final/em/ems054/00/mod/ems054_00_eye_BML.tex,BC1S|BC1S
edit/em/ems055/00/mod/ems055_00_BML.png,ems055_00_BML,barnos,4,final/em/ems055/00/mod/ems055_00_BML.tex,BC1S
edit/em/ems058/00/mod/ems058_00_BM.png,ems058_00_BM,gastodon,4,final/em/ems058/00/mod/ems058_00_BM.tex,BC1S
edit/em/ems059/00/mod/ems059_00_BM.png,ems059_00_BM,noios,4,final/em/ems059/00/mod/ems059_00_BM.tex,BC1S
edit/em/ems061/00/mod/ems061_00_accgold_BML.png|edit/em/ems061/00/mod/ems061_00_bodygold_BML.png|edit/em/ems061/00/mod/ems061_00_helmgold_BML.png|edit/em/ems061/00/mod/ems061_00_wegold_BML.png,ems061_00_accgold_BML|ems061_00_bodygold_BML|ems061_00_helmgold_BML|ems061_00_wegold_BML,gajalaka golden tribe or boaboa,4,final/em/ems061/00/mod/ems061_00_accgold_BML.tex|final/em/ems061/00/mod/ems061_00_bodygold_BML.tex|final/em/ems061/00/mod/ems061_00_helmgold_BML.tex|final/em/ems061/00/mod/ems061_00_wegold_BML.tex,BC1S|BC1S|BC1S|BC1S
edit/em/ems061/00/mod/ems061_00_accplatinum_BML.png|edit/em/ems061/00/mod/ems061_00_bodyplatinum_BML.png|edit/em/ems061/00/mod/ems061_00_helmplatinum_BML.png|edit/em/ems061/00/mod/ems061_00_weplatinum_BML.png,ems061_00_accplatinum_BML|ems061_00_bodyplatinum_BML|ems061_00_helmplatinum_BML|ems061_00_weplatinum_BML,gajalaka golden tribe or boaboa,4,final/em/ems061/00/mod/ems061_00_accplatinum_BML.tex|final/em/ems061/00/mod/ems061_00_bodyplatinum_BML.tex|final/em/ems061/00/mod/ems061_00_helmplatinum_BML.tex|final/em/ems061/00/mod/ems061_00_weplatinum_BML.tex,BC1S|BC1S|BC1S|BC1S
edit/em/ems061/00/mod/ems061_00_z_BML.png|edit/em/ems061/00/mod/ems061_00_z_acc_BML.png|edit/em/ems061/00/mod/ems061_00_z_body_BML.png|edit/em/ems061/00/mod/ems061_00_z_helm_BM.png|edit/em/ems061/00/mod/ems061_00_z_we_BML.png,ems061_00_z_BML|ems061_00_z_acc_BML|ems061_00_z_body_BML|ems061_00_z_helm_BM|ems061_00_z_we_BML,gajalaka golden tribe or boaboa,4,final/em/ems061/00/mod/ems061_00_z_BML.tex|final/em/ems061/00/mod/ems061_00_z_acc_BML.tex|final/em/ems061/00/mod/ems061_00_z_body_BML.tex|final/em/ems061/00/mod/ems061_00_z_helm_BM.tex|final/em/ems061/00/mod/ems061_00_z_we_BML.tex,BC1S|BC1S|BC1S|BC7S|BC1S
edit/em/ems061/01/mod/ems061_01_7_BML.png|edit/em/ems061/01/mod/ems061_01_body_BML.png|edit/em/ems061/01/mod/ems061_01_head_BML.png|edit/em/ems061/01/mod/ems061_01_weapon_BML.png,ems061_01_7_BML|ems061_01_body_BML|ems061_01_head_BML|ems061_01_weapon_BML,gajalaka golden tribe or boaboa,4,final/em/ems061/01/mod/ems061_01_7_BML.tex|final/em/ems061/01/mod/ems061_01_body_BML.tex|final/em/ems061/01/mod/ems061_01_head_BML.tex|final/em/ems061/01/mod/ems061_01_weapon_BML.tex,BC1S|BC1S|BC1S|BC1S
edit/em/ems063/00/mod/ems063_00_BML.png,ems063_00_BML,wulg,4,final/em/ems063/00/mod/ems063_00_BML.tex,BC1S