0,edit/em/em001/00/mod/em001_00_BML.png,em001_00_BML,rathian,8,final/em/em001/00/mod/em001_00_BML.tex,BC1S
1,edit/em/em001/00/mod/em001_00_eye_BML.png,em001_00_eye_BML,rathian,4,final/em/em001/00/mod/em001_00_eye_BML.tex,BC1S
2,edit/em/em001/00/mod/em001_00_damage_BM.png,em001_00_damage_BM,rathian,4,final/em/em001/00/mod/em001_00_damage_BM.tex,BC7S
3,edit/em/em001/01/mod/em001_01_BML.png,em001_01_BML,pink rathian,8,final/em/em001/01/mod/em001_01_BML.tex,BC1S
4,edit/em/em001/01/mod/em001_01_eye_BML.png,em001_01_eye_BML,pink rathian,4,final/em/em001/01/mod/em001_01_eye_BML.tex,BC1S
5,edit/em/em001/01/mod/em001_01_damage_BM.png,em001_01_damage_BM,pink rathian,4,final/em/em001/01/mod/em001_01_damage_BM.tex,BC7S
6,edit/em/em001/02/mod/em001_02_BML.png,em001_02_BML,gold rathian,8,final/em/em001/02/mod/em001_02_BML.tex,BC1S
7,edit/em/em001/02/mod/em001_02_eye_BML.png,em001_02_eye_BML,gold rathian,4,final/em/em001/02/mod/em001_02_eye_BML.tex,BC1S
8,edit/em/em001/02/mod/em001_02_damage_BM.png,em001_02_damage_BM,gold rathian,4,final/em/em001/02/mod/em001_02_damage_BM.tex,BC7S
9,edit/em/em044/00/mod/em044_00_BML.png,em044_00_BML,barroth,8,final/em/em044/00/mod/em044_00_BML.tex,BC1S
10,edit/em/em044/00/mod/em044_00_eye_BML.png,em044_00_eye_BML,barroth,4,final/em/em044/00/mod/em044_00_eye_BML.tex,BC1S
11,edit/em/em044/00/mod/em044_00_damage_BM.png,em044_00_damage_BM,barroth,4,final/em/em044/00/mod/em044_00_damage_BM.tex,BC7S
12,edit/em/em044/00/mod/em044_00_mud_BML.png,em044_00_mud_BML,barroth,4,final/em/em044/00/mod/em044_00_mud_BML.tex,BC1S
13,edit/em/em002/00/mod/em002_00_BML.png,em002_00_BML,rathalos,8,final/em/em002/00/mod/em002_00_BML.tex,BC1S
14,edit/em/em002/00/mod/em002_00_eye_BML.png,em002_00_eye_BML,rathalos,4,final/em/em002/00/mod/em002_00_eye_BML.tex,BC1S
15,edit/em/em002/00/mod/em002_00_damage_BM.png,em002_00_damage_BM,rathalos,4,final/em/em002/00/mod/em002_00_damage_BM.tex,BC7S
16,edit/em/em002/01/mod/em002_01_BML.png,em002_01_BML,azure rathalos,8,final/em/em002/01/mod/em002_01_BML.tex,BC1S
17,edit/em/em002/01/mod/em002_01_eye_BML.png,em002_01_eye_BML,azure rathalos,4,final/em/em002/01/mod/em002_01_eye_BML.tex,BC1S
18,edit/em/em002/01/mod/em002_01_damage_BM.png,em002_01_damage_BM,azure rathalos,4,final/em/em002/01/mod/em002_01_damage_BM.tex,BC7S
19,edit/em/em002/02/mod/em002_02_BML.png,em002_02_BML,silver rathalos,8,final/em/em002/02/mod/em002_02_BML.tex,BC1S
20,edit/em/em002/02/mod/em002_02_eye_BML.png,em002_02_eye_BML,silver rathalos,4,final/em/em002/02/mod/em002_02_eye_BML.tex,BC1S
21,edit/em/em002/02/mod/em002_02_damage_BM.png,em002_02_damage_BM,silver rathalos,4,final/em/em002/02/mod/em002_02_damage_BM.tex,BC7S
22,edit/em/em007/00/mod/em007_00_BM.png,em007_00_BM,diablos,8,final/em/em007/00/mod/em007_00_BM.tex,BC1S
23,edit/em/em007/00/mod/em007_00_eye_BML.png,em007_00_eye_BML,diablos,4,final/em/em007/00/mod/em007_00_eye_BML.tex,BC1S
24,edit/em/em007/00/mod/em007_00_damage_BM.png,em007_00_damage_BM,diablos,4,final/em/em007/00/mod/em007_00_damage_BM.tex,BC7S
25,edit/em/em007/01/mod/em007_01_BM.png,em007_01_BM,black diablos,8,final/em/em007/01/mod/em007_01_BM.tex,BC1S
26,edit/em/em007/01/mod/em007_01_eye_BML.png,em007_01_eye_BML,black diablos,4,final/em/em007/01/mod/em007_01_eye_BML.tex,BC1S
27,edit/em/em007/01/mod/em007_01_damage_BM.png,em007_01_damage_BM,black diablos,4,final/em/em007/01/mod/em007_01_damage_BM.tex,BC7S
28,edit/em/em011/00/mod/em011_00_BM.png,em011_00_BM,kirin,8,final/em/em011/00/mod/em011_00_BM.tex,BC1S
29,edit/em/em011/00/mod/em011_00_damage_BM.png,em011_00_damage_BM,kirin,4,final/em/em011/00/mod/em011_00_damage_BM.tex,BC7S
30,edit/em/em011/00/mod/em011_00_heir_BM.png,em011_00_heir_BM,kirin,4,final/em/em011/00/mod/em011_00_heir_BM.tex,BC7S
31,edit/em/em013/00/mod/em013_00_eye_BML.png,em013_00_eye_BML,fatalis,4,final/em/em013/00/mod/em013_00_eye_BML.tex,BC1S
32,edit/em/em013/00/mod/em013_00_metal_BML.png,em013_00_metal_BML,fatalis,4,final/em/em013/00/mod/em013_00_metal_BML.tex,BC1S
33,edit/em/em013/00/mod/em013_00_BML.png|edit/em/em013/00/mod/em013_00_wing_BML.png,em013_00_BML|em013_00_wing_BML,fatalis,8,final/em/em013/00/mod/em013_00_BML.tex|final/em/em013/00/mod/em013_00_wing_BML.tex,BC1S|BC1S
34,edit/em/em013/00/mod/em013_00_damage_BML.png,em013_00_damage_BML,fatalis,4,final/em/em013/00/mod/em013_00_damage_BML.tex,BC1S
35,edit/em/em018/00/mod/em018_00_BML.png,em018_00_BML,yian garuga,8,final/em/em018/00/mod/em018_00_BML.tex,BC1S
36,edit/em/em018/00/mod/em018_00_eye_BML.png,em018_00_eye_BML,yian garuga,4,final/em/em018/00/mod/em018_00_eye_BML.tex,BC1S
37,edit/em/em018/00/mod/em018_00_damage_BML.png,em018_00_damage_BML,yian garuga,4,final/em/em018/00/mod/em018_00_damage_BML.tex,BC1S
38,edit/em/em018/00/mod/em018_00_fur_BML.png,em018_00_fur_BML,yian garuga,4,final/em/em018/00/mod/em018_00_fur_BML.tex,BC1S
38,edit/em/em018/00/mod/em018_00_furover_BML.png,em018_00_furover_BML,yian garuga,4,final/em/em018/00/mod/em018_00_furover_BML.tex,BC1S
40,edit/em/em023/00/mod/em023_00_BML.png,em023_00_BML,rajang,8,final/em/em023/00/mod/em023_00_BML.tex,BC1S
41,edit/em/em023/00/mod/em023_00_eye_BML.png,em023_00_eye_BML,rajang,4,final/em/em023/00/mod/em023_00_eye_BML.tex,BC1S
42,edit/em/em023/00/mod/em023_00_damage_BML.png,em023_00_damage_BML,rajang,4,final/em/em023/00/mod/em023_00_damage_BML.tex,BC1S
43,edit/em/em023/00/mod/em023_00_hair_BML.png,em023_00_hair_BML,rajang,4,final/em/em023/00/mod/em023_00_hair_BML.tex,BC1S
43,edit/em/em023/00/mod/em023_00_hairblend_BML.png,em023_00_hairblend_BML,rajang,4,final/em/em023/00/mod/em023_00_hairblend_BML.tex,BC1S
45,edit/em/em023/05/mod/em023_05_BML.png,em023_05_BML,furious rajang,8,final/em/em023/05/mod/em023_05_BML.tex,BC1S
46,edit/em/em023/05/mod/em023_05_eye_BML.png,em023_05_eye_BML,furious rajang,4,final/em/em023/05/mod/em023_05_eye_BML.tex,BC1S
47,edit/em/em023/05/mod/em023_05_damage_BML.png,em023_05_damage_BML,furious rajang,4,final/em/em023/05/mod/em023_05_damage_BML.tex,BC1S
48,edit/em/em023/05/mod/em023_05_hair_BML.png,em023_05_hair_BML,furious rajang,4,final/em/em023/05/mod/em023_05_hair_BML.tex,BC1S
48,edit/em/em023/05/mod/em023_05_hairblend_BML.png,em023_05_hairblend_BML,furious rajang,4,final/em/em023/05/mod/em023_05_hairblend_BML.tex,BC1S
50,edit/em/em023/05/mod/em023_05_ikari_BM.png,em023_05_ikari_BM,furious rajang,4,final/em/em023/05/mod/em023_05_ikari_BM.tex,BC7S
51,edit/em/em024/00/mod/em024_00_BML.png,em024_00_BML,kushala daora,8,final/em/em024/00/mod/em024_00_BML.tex,BC1S
52,edit/em/em024/00/mod/em024_00_env_BM.png,em024_00_env_BM,kushala daora,4,final/em/em024/00/mod/em024_00_env_BM.tex,BC1S
53,edit/em/em024/00/mod/em024_00_eye_BML.png,em024_00_eye_BML,kushala daora,4,final/em/em024/00/mod/em024_00_eye_BML.tex,BC1S
54,edit/em/em024/00/mod/em024_00_damage_BM.png,em024_00_damage_BM,kushala daora,4,final/em/em024/00/mod/em024_00_damage_BM.tex,BC7S
55,edit/em/em026/00/mod/em026_00_BML.png,em026_00_BML,lunastra,8,final/em/em026/00/mod/em026_00_BML.tex,BC1S
56,edit/em/em026/00/mod/em026_00_eye_BML.png,em026_00_eye_BML,lunastra,4,final/em/em026/00/mod/em026_00_eye_BML.tex,BC1S
57,edit/em/em026/00/mod/em026_00_damage_BM.png,em026_00_damage_BM,lunastra,4,final/em/em026/00/mod/em026_00_damage_BM.tex,BC7S
58,edit/em/em026/00/mod/em026_00_hair_BM.png,em026_00_hair_BM,lunastra,4,final/em/em026/00/mod/em026_00_hair_BM.tex,BC7S
58,edit/em/em026/00/mod/em026_00_hairblend_BML.png,em026_00_hairblend_BML,lunastra,4,final/em/em026/00/mod/em026_00_hairblend_BML.tex,BC1S
60,edit/em/em027/00/mod/em027_00_BML.png,em027_00_BML,teostra,8,final/em/em027/00/mod/em027_00_BML.tex,BC1S
61,edit/em/em027/00/mod/em027_00_hair_BM.png|edit/em/em027/00/mod/em027_00_hairblend_BML.png,em027_00_hair_BM|em027_00_hairblend_BML,teostra,8,final/em/em027/00/mod/em027_00_hair_BM.tex|final/em/em027/00/mod/em027_00_hairblend_BML.tex,BC7S|BC1S
62,edit/em/em027/00/mod/em027_00_env_BM.png,em027_00_env_BM,teostra,4,final/em/em027/00/mod/em027_00_env_BM.tex,BC1S
63,edit/em/em027/00/mod/em027_00_eye_BML.png,em027_00_eye_BML,teostra,4,final/em/em027/00/mod/em027_00_eye_BML.tex,BC1S
64,edit/em/em032/00/mod/em032_00_BM.png,em032_00_BM,tigrex,8,final/em/em032/00/mod/em032_00_BM.tex,BC7S
65,edit/em/em032/00/mod/em032_00_damage_BM.png,em032_00_damage_BM,tigrex,4,final/em/em032/00/mod/em032_00_damage_BM.tex,BC7S
66,edit/em/em032/00/mod/em032_00_eye_BM.png,em032_00_eye_BM,tigrex,4,final/em/em032/00/mod/em032_00_eye_BM.tex,BC1S
67,edit/em/em032/01/mod/em032_01_BM.png,em032_01_BM,brute tigrex,8,final/em/em032/01/mod/em032_01_BM.tex,BC7S
68,edit/em/em032/01/mod/em032_01_damage_BM.png,em032_01_damage_BM,brute tigrex,4,final/em/em032/01/mod/em032_01_damage_BM.tex,BC7S
69,edit/em/em032/01/mod/em032_01_eye_BM.png,em032_01_eye_BM,brute tigrex,4,final/em/em032/01/mod/em032_01_eye_BM.tex,BC1S
70,edit/em/em036/00/mod/em036_00_BML.png,em036_00_BML,lavasioth,8,final/em/em036/00/mod/em036_00_BML.tex,BC1S
71,edit/em/em036/00/mod/em036_00_d_BML.png,em036_00_d_BML,lavasioth,8,final/em/em036/00/mod/em036_00_d_BML.tex,BC1S
72,edit/em/em036/00/mod/em036_00_magma_BML.png,em036_00_magma_BML,lavasioth,4,final/em/em036/00/mod/em036_00_magma_BML.tex,BC1S
73,edit/em/em037/00/mod/em037_00_BML.png,em037_00_BML,nargacuga,8,final/em/em037/00/mod/em037_00_BML.tex,BC1S
74,edit/em/em037/00/mod/em037_00_damage_BM.png,em037_00_damage_BM,nargacuga,4,final/em/em037/00/mod/em037_00_damage_BM.tex,BC7S
75,edit/em/em037/00/mod/em037_00_eye_BML.png,em037_00_eye_BML,nargacuga,4,final/em/em037/00/mod/em037_00_eye_BML.tex,BC1S
76,edit/em/em037/00/mod/em037_00_hair_BM.png,em037_00_hair_BM,nargacuga,4,final/em/em037/00/mod/em037_00_hair_BM.tex,BC7S
76,edit/em/em037/00/mod/em037_00_toge_BML.png,em037_00_toge_BML,nargacuga,4,final/em/em037/00/mod/em037_00_toge_BML.tex,BC1S
78,edit/em/em042/00/mod/em042_00_BML.png,em042_00_BML,barioth,8,final/em/em042/00/mod/em042_00_BML.tex,BC1S
79,edit/em/em042/00/mod/em042_00_damage_BM.png,em042_00_damage_BM,barioth,4,final/em/em042/00/mod/em042_00_damage_BM.tex,BC7S
80,edit/em/em042/00/mod/em042_00_eye_BML.png,em042_00_eye_BML,barioth,4,final/em/em042/00/mod/em042_00_eye_BML.tex,BC1S
81,edit/em/em042/00/mod/em042_00_fur_BM.png,em042_00_fur_BM,barioth,4,final/em/em042/00/mod/em042_00_fur_BM.tex,BC7S
81,edit/em/em042/00/mod/em042_00_furover_BML.png,em042_00_furover_BML,barioth,4,final/em/em042/00/mod/em042_00_furover_BML.tex,BC1S
83,edit/em/em042/05/mod/em042_05_BML.png,em042_05_BML,frostfang barioth,8,final/em/em042/05/mod/em042_05_BML.tex,BC1S
84,edit/em/em042/05/mod/em042_05_damage_BM.png,em042_05_damage_BM,frostfang barioth,4,final/em/em042/05/mod/em042_05_damage_BM.tex,BC7S
85,edit/em/em042/05/mod/em042_05_eye_BML.png,em042_05_eye_BML,frostfang barioth,4,final/em/em042/05/mod/em042_05_eye_BML.tex,BC1S
86,edit/em/em042/05/mod/em042_05_fur_BM.png,em042_05_fur_BM,frostfang barioth,4,final/em/em042/05/mod/em042_05_fur_BM.tex,BC7S
86,edit/em/em042/05/mod/em042_05_furover_BML.png,em042_05_furover_BML,frostfang barioth,4,final/em/em042/05/mod/em042_05_furover_BML.tex,BC1S
86,edit/em/em042/05/mod/em042_05_hige_BM.png,em042_05_hige_BM,frostfang barioth,4,final/em/em042/05/mod/em042_05_hige_BM.tex,BC7S
89,edit/em/em042/05/mod/em042_05_ice_BML.png,em042_05_ice_BML,frostfang barioth,4,final/em/em042/05/mod/em042_05_ice_BML.tex,BC1S
90,edit/em/em043/00/mod/em043_00_BML.png,em043_00_BML,deviljho,8,final/em/em043/00/mod/em043_00_BML.tex,BC1S
91,edit/em/em043/00/mod/em043_00_damage_BM.png,em043_00_damage_BM,deviljho,4,final/em/em043/00/mod/em043_00_damage_BM.tex,BC7S
92,edit/em/em043/00/mod/em043_00_eye_BML.png,em043_00_eye_BML,deviljho,4,final/em/em043/00/mod/em043_00_eye_BML.tex,BC1S
93,edit/em/em043/00/mod/em043_00_BML.png,em043_00_BML,savage deviljho,8,final/em/em043/00/mod/em043_00_BML.tex,BC1S
94,edit/em/em043/00/mod/em043_00_damage_BM.png,em043_00_damage_BM,savage deviljho,4,final/em/em043/00/mod/em043_00_damage_BM.tex,BC7S
95,edit/em/em043/00/mod/em043_00_eye_BML.png,em043_00_eye_BML,savage deviljho,4,final/em/em043/00/mod/em043_00_eye_BML.tex,BC1S
96,edit/em/em045/00/mod/em045_00_BML.png,em045_00_BML,uragaan,8,final/em/em045/00/mod/em045_00_BML.tex,BC1S
97,edit/em/em045/00/mod/em045_00_damage_BM.png,em045_00_damage_BM,uragaan,4,final/em/em045/00/mod/em045_00_damage_BM.tex,BC7S
98,edit/em/em045/00/mod/em045_00_eye_BML.png,em045_00_eye_BML,uragaan,4,final/em/em045/00/mod/em045_00_eye_BML.tex,BC1S
99,edit/em/em050/00/mod/em050_00_BML.png,em050_00_BML,alatreon,8,final/em/em050/00/mod/em050_00_BML.tex,BC1S
99,edit/em/em050/00/mod/em050_00_wing_BML.png,em050_00_wing_BML,alatreon,8,final/em/em050/00/mod/em050_00_wing_BML.tex,BC1S
100,edit/em/em050/00/mod/em050_00_damage_BM.png,em050_00_damage_BM,alatreon,4,final/em/em050/00/mod/em050_00_damage_BM.tex,BC7S
101,edit/em/em050/00/mod/em050_00_eye_BML.png,em050_00_eye_BML,alatreon,4,final/em/em050/00/mod/em050_00_eye_BML.tex,BC1S
103,edit/em/em050/00/mod/en050_00_env_BM.png,en050_00_env_BM,alatreon,4,final/em/em050/00/mod/en050_00_env_BM.tex,BC1S
104,edit/em/em057/00/mod/em057_00_BM.png,em057_00_BM,zinogre,8,final/em/em057/00/mod/em057_00_BM.tex,BC1S
105,edit/em/em057/00/mod/em057_00_damage_BM.png,em057_00_damage_BM,zinogre,4,final/em/em057/00/mod/em057_00_damage_BM.tex,BC7S
106,edit/em/em057/00/mod/em057_00_eye_BML.png,em057_00_eye_BML,zinogre,4,final/em/em057/00/mod/em057_00_eye_BML.tex,BC1S
107,edit/em/em057/00/mod/em057_00_fur_BM.png,em057_00_fur_BM,zinogre,4,final/em/em057/00/mod/em057_00_fur_BM.tex,BC7S
107,edit/em/em057/00/mod/em057_00_furbase_BML.png,em057_00_furbase_BML,zinogre,4,final/em/em057/00/mod/em057_00_furbase_BML.tex,BC1S
109,edit/em/em057/01/mod/em057_01_BM.png,em057_01_BM,stygian zinogre,8,final/em/em057/01/mod/em057_01_BM.tex,BC1S
110,edit/em/em057/01/mod/em057_01_damage_BM.png,em057_01_damage_BM,stygian zinogre,4,final/em/em057/01/mod/em057_01_damage_BM.tex,BC7S
111,edit/em/em057/01/mod/em057_01_eye_BML.png,em057_01_eye_BML,stygian zinogre,4,final/em/em057/01/mod/em057_01_eye_BML.tex,BC1S
112,edit/em/em057/01/mod/em057_01_fur_BM.png,em057_01_fur_BM,stygian zinogre,4,final/em/em057/01/mod/em057_01_fur_BM.tex,BC7S
112,edit/em/em057/01/mod/em057_01_furbase_BML.png,em057_01_furbase_BML,stygian zinogre,4,final/em/em057/01/mod/em057_01_furbase_BML.tex,BC1S
114,edit/em/em063/00/mod/em063_00_BML.png,em063_00_BML,brachydios,8,final/em/em063/00/mod/em063_00_BML.tex,BC1S
115,edit/em/em063/00/mod/em063_00_damage_BM.png,em063_00_damage_BM,brachydios,4,final/em/em063/00/mod/em063_00_damage_BM.tex,BC7S
116,edit/em/em063/00/mod/em063_00_eye_BML.png,em063_00_eye_BML,brachydios,4,final/em/em063/00/mod/em063_00_eye_BML.tex,BC1S
117,edit/em/em063/00/mod/em063_00_nenkin_BM.png,em063_00_nenkin_BM,brachydios,4,final/em/em063/00/mod/em063_00_nenkin_BM.tex,BC7S
118,edit/em/em063/05/mod/em063_05_BML.png,em063_05_BML,raging brachydios,8,final/em/em063/05/mod/em063_05_BML.tex,BC1S
119,edit/em/em063/05/mod/em063_05_damage_2_BM.png,em063_05_damage_2_BM,raging brachydios,4,final/em/em063/05/mod/em063_05_damage_2_BM.tex,BC7S
119,edit/em/em063/05/mod/em063_05_damage_BM.png,em063_05_damage_BM,raging brachydios,4,final/em/em063/05/mod/em063_05_damage_BM.tex,BC7S
121,edit/em/em063/05/mod/em063_05_eye_BML.png,em063_05_eye_BML,raging brachydios,4,final/em/em063/05/mod/em063_05_eye_BML.tex,BC1S
122,edit/em/em063/05/mod/em063_05_nenkin_BM.png,em063_05_nenkin_BM,raging brachydios,4,final/em/em063/05/mod/em063_05_nenkin_BM.tex,BC7S
123,edit/em/em080/00/mod/em080_00_blend_BML.png,em080_00_blend_BML,glavenus,4,final/em/em080/00/mod/em080_00_blend_BML.tex,BC1S
123,edit/em/em080/00/mod/em080_00_BML.png,em080_00_BML,glavenus,8,final/em/em080/00/mod/em080_00_BML.tex,BC1S
125,edit/em/em080/00/mod/em080_00_damage_blend_BM.png,em080_00_damage_blend_BM,glavenus,4,final/em/em080/00/mod/em080_00_damage_blend_BM.tex,BC7S
125,edit/em/em080/00/mod/em080_00_damage_BM.png,em080_00_damage_BM,glavenus,4,final/em/em080/00/mod/em080_00_damage_BM.tex,BC7S
127,edit/em/em080/00/mod/em080_00_eye_BML.png,em080_00_eye_BML,glavenus,4,final/em/em080/00/mod/em080_00_eye_BML.tex,BC1S
128,edit/em/em080/00/mod/em080_00_rust_BML.png,em080_00_rust_BML,glavenus,4,final/em/em080/00/mod/em080_00_rust_BML.tex,BC1S
129,edit/em/em080/01/mod/em080_01_acid_BM.png,em080_01_acid_BM,acidic glavenus,4,final/em/em080/01/mod/em080_01_acid_BM.tex,BC7S
129,edit/em/em080/01/mod/em080_01_acidblade_blend_BML.png,em080_01_acidblade_blend_BML,acidic glavenus,4,final/em/em080/01/mod/em080_01_acidblade_blend_BML.tex,BC1S
129,edit/em/em080/01/mod/em080_01_acidblade_BML.png,em080_01_acidblade_BML,acidic glavenus,4,final/em/em080/01/mod/em080_01_acidblade_BML.tex,BC1S
132,edit/em/em080/01/mod/em080_01_blend_BML.png,em080_01_blend_BML,acidic glavenus,4,final/em/em080/01/mod/em080_01_blend_BML.tex,BC1S
132,edit/em/em080/01/mod/em080_01_BML.png,em080_01_BML,acidic glavenus,8,final/em/em080/01/mod/em080_01_BML.tex,BC1S
134,edit/em/em080/01/mod/em080_01_damage_BM.png,em080_01_damage_BM,acidic glavenus,4,final/em/em080/01/mod/em080_01_damage_BM.tex,BC7S
135,edit/em/em080/01/mod/em080_01_eye_BML.png,em080_01_eye_BML,acidic glavenus,4,final/em/em080/01/mod/em080_01_eye_BML.tex,BC1S
136,edit/em/em100/00/mod/em100_00_BML.png,em100_00_BML,anjanath,8,final/em/em100/00/mod/em100_00_BML.tex,BC1S
137,edit/em/em100/00/mod/em100_00_damage_BM.png,em100_00_damage_BM,anjanath,4,final/em/em100/00/mod/em100_00_damage_BM.tex,BC7S
138,edit/em/em100/00/mod/em100_00_eye_BM.png,em100_00_eye_BM,anjanath,4,final/em/em100/00/mod/em100_00_eye_BM.tex,BC1S
139,edit/em/em100/00/mod/em100_00_fur_BM.png,em100_00_fur_BM,anjanath,4,final/em/em100/00/mod/em100_00_fur_BM.tex,BC7S
140,edit/em/em100/01/mod/em100_01_BML.png,em100_01_BML,fulgar anjanath,8,final/em/em100/01/mod/em100_01_BML.tex,BC1S
141,edit/em/em100/01/mod/em100_01_damage_BM.png,em100_01_damage_BM,fulgar anjanath,4,final/em/em100/01/mod/em100_01_damage_BM.tex,BC7S
142,edit/em/em100/01/mod/em100_01_eye_BM.png,em100_01_eye_BM,fulgar anjanath,4,final/em/em100/01/mod/em100_01_eye_BM.tex,BC1S
143,edit/em/em100/01/mod/em100_01_fur_2_BM.png,em100_01_fur_2_BM,fulgar anjanath,4,final/em/em100/01/mod/em100_01_fur_2_BM.tex,BC1S
143,edit/em/em100/01/mod/em100_01_fur_BM.png,em100_01_fur_BM,fulgar anjanath,4,final/em/em100/01/mod/em100_01_fur_BM.tex,BC7S
145,edit/em/em101/00/mod/em101_00_BML.png,em101_00_BML,great jagras,8,final/em/em101/00/mod/em101_00_BML.tex,BC1S
145,edit/em/ems049/00/mod/ems049_00_BML.png,ems049_00_BML,jagras,4,final/em/ems049/00/mod/ems049_00_BML.tex,BC1S
146,edit/em/em101/00/mod/em101_00_damage_BM.png,em101_00_damage_BM,great jagras,4,final/em/em101/00/mod/em101_00_damage_BM.tex,BC7S
147,edit/em/em101/00/mod/em101_00_eye_BML.png,em101_00_eye_BML,great jagras,4,final/em/em101/00/mod/em101_00_eye_BML.tex,BC1S
148,edit/em/em101/00/mod/em101_00_meat_BML.png,em101_00_meat_BML,great jagras,4,final/em/em101/00/mod/em101_00_meat_BML.tex,BC1S
150,edit/em/em102/00/mod/em102_00_damage_BM.png,em102_00_damage_BM,pukei pukei,4,final/em/em102/00/mod/em102_00_damage_BM.tex,BC7S
151,edit/em/em102/00/mod/em102_00_eye_BML.png,em102_00_eye_BML,pukei pukei,4,final/em/em102/00/mod/em102_00_eye_BML.tex,BC1S
151,edit/em/em102/00/mod/em102_00_BML.png,em102_00_BML,pukei pukei,8,final/em/em102/00/mod/em102_00_BML.tex,BC1S
152,edit/em/em102/00/mod/em102_00_faceblend_BML.png,em102_00_faceblend_BML,pukei pukei,4,final/em/em102/00/mod/em102_00_faceblend_BML.tex,BC1S
153,edit/em/em102/00/mod/em102_00_feather_BM.png,em102_00_feather_BM,pukei pukei,4,final/em/em102/00/mod/em102_00_feather_BM.tex,BC7S
153,edit/em/em102/00/mod/em102_00_featherblend_BML.png,em102_00_featherblend_BML,pukei pukei,4,final/em/em102/00/mod/em102_00_featherblend_BML.tex,BC1S
153,edit/em/em102/00/mod/em102_00_featherover_BML.png,em102_00_featherover_BML,pukei pukei,4,final/em/em102/00/mod/em102_00_featherover_BML.tex,BC1S
157,edit/em/em102/01/mod/em102_01_damage_BM.png,em102_01_damage_BM,coral pukei pukei,4,final/em/em102/01/mod/em102_01_damage_BM.tex,BC7S
158,edit/em/em102/01/mod/em102_01_eye_BML.png,em102_01_eye_BML,coral pukei pukei,4,final/em/em102/01/mod/em102_01_eye_BML.tex,BC1S
158,edit/em/em102/01/mod/em102_01_BML.png,em102_01_BML,coral pukei pukei,8,final/em/em102/01/mod/em102_01_BML.tex,BC1S
159,edit/em/em102/01/mod/em102_01_faceblend_BML.png,em102_01_faceblend_BML,coral pukei pukei,4,final/em/em102/01/mod/em102_01_faceblend_BML.tex,BC1S
160,edit/em/em102/01/mod/em102_01_feather_BM.png,em102_01_feather_BM,coral pukei pukei,4,final/em/em102/01/mod/em102_01_feather_BM.tex,BC7S
160,edit/em/em102/01/mod/em102_01_featherblend_BML.png,em102_01_featherblend_BML,coral pukei pukei,4,final/em/em102/01/mod/em102_01_featherblend_BML.tex,BC1S
160,edit/em/em102/01/mod/em102_01_featherover_BML.png,em102_01_featherover_BML,coral pukei pukei,4,final/em/em102/01/mod/em102_01_featherover_BML.tex,BC1S
163,edit/em/em103/00/mod/em103_00_BML.png,em103_00_BML,nergigante,8,final/em/em103/00/mod/em103_00_BML.tex,BC1S
164,edit/em/em103/00/mod/em103_00_damage_BM.png,em103_00_damage_BM,nergigante,4,final/em/em103/00/mod/em103_00_damage_BM.tex,BC7S
165,edit/em/em103/00/mod/em103_00_eye_BML.png,em103_00_eye_BML,nergigante,4,final/em/em103/00/mod/em103_00_eye_BML.tex,BC1S
166,edit/em/em103/00/mod/em103_00_thorn_black_BM.png,em103_00_thorn_black_BM,nergigante,4,final/em/em103/00/mod/em103_00_thorn_black_BM.tex,BC7S
166,edit/em/em103/00/mod/em103_00_thorn_white_BM.png,em103_00_thorn_white_BM,nergigante,4,final/em/em103/00/mod/em103_00_thorn_white_BM.tex,BC7S
168,edit/em/em103/05/mod/em103_05_BML.png,em103_05_BML,ruiner nergigante,8,final/em/em103/05/mod/em103_05_BML.tex,BC1S
169,edit/em/em103/05/mod/em103_05_damage_BM.png,em103_05_damage_BM,ruiner nergigante,4,final/em/em103/05/mod/em103_05_damage_BM.tex,BC7S
170,edit/em/em103/05/mod/em103_05_eye_BML.png,em103_05_eye_BML,ruiner nergigante,4,final/em/em103/05/mod/em103_05_eye_BML.tex,BC1S
171,edit/em/em103/05/mod/em103_05_kyouka_BM.png,em103_05_kyouka_BM,ruiner nergigante,4,final/em/em103/05/mod/em103_05_kyouka_BM.tex,BC1S
172,edit/em/em103/05/mod/em103_05_thorn_black_BM.png,em103_05_thorn_black_BM,ruiner nergigante,4,final/em/em103/05/mod/em103_05_thorn_black_BM.tex,BC7S
172,edit/em/em103/05/mod/em103_05_thorn_white_BM.png,em103_05_thorn_white_BM,ruiner nergigante,4,final/em/em103/05/mod/em103_05_thorn_white_BM.tex,BC7S
174,edit/em/em104/00/mod/em104_00_BML.png,em104_00_BML,safijiiva,8,final/em/em104/00/mod/em104_00_BML.tex,BC1S
174,edit/em/em104/00/mod/em104_00_wing_BML.png,em104_00_wing_BML,safijiiva,8,final/em/em104/00/mod/em104_00_wing_BML.tex,BC1S
175,edit/em/em104/00/mod/em104_00_damage_BM.png,em104_00_damage_BM,safijiiva,4,final/em/em104/00/mod/em104_00_damage_BM.tex,BC7S
176,edit/em/em104/00/mod/em104_00_eye_BML.png,em104_00_eye_BML,safijiiva,4,final/em/em104/00/mod/em104_00_eye_BML.tex,BC1S
178,edit/em/em105/00/mod/em105_00_00_BML.png,em105_00_00_BML,xenojiiva,8,final/em/em105/00/mod/em105_00_00_BML.tex,BC1S
178,edit/em/em105/00/mod/em105_00_01_BML.png,em105_00_01_BML,xenojiiva,8,final/em/em105/00/mod/em105_00_01_BML.tex,BC1S
180,edit/em/em105/00/mod/em105_00_damage_BM.png,em105_00_damage_BM,xenojiiva,4,final/em/em105/00/mod/em105_00_damage_BM.tex,BC7S
181,edit/em/em105/00/mod/em105_00_hone_BM.png,em105_00_hone_BM,xenojiiva,4,final/em/em105/00/mod/em105_00_hone_BM.tex,BC7S
183,edit/em/em106/00/mod/em106_00_BM.png,em106_00_BM,zorah,4,final/em/em106/00/mod/em106_00_BM.tex,BC1S
183,edit/em/em106/00/mod/em106_00_front_leg_BM.png,em106_00_front_leg_BM,zorah,4,final/em/em106/00/mod/em106_00_front_leg_BM.tex,BC1S
183,edit/em/em106/00/mod/em106_00_head_BM.png,em106_00_head_BM,zorah,4,final/em/em106/00/mod/em106_00_head_BM.tex,BC1S
183,edit/em/em106/00/mod/em106_00_hind_leg_BM.png,em106_00_hind_leg_BM,zorah,4,final/em/em106/00/mod/em106_00_hind_leg_BM.tex,BC1S
184,edit/em/em106/00/mod/em106_00_coreground_BM.png,em106_00_coreground_BM,zorah,4,final/em/em106/00/mod/em106_00_coreground_BM.tex,BC1S
185,edit/em/em106/00/mod/em106_00_damage_BM.png,em106_00_damage_BM,zorah,4,final/em/em106/00/mod/em106_00_damage_BM.tex,BC7S
186,edit/em/em106/00/mod/em106_00_eye_BML.png,em106_00_eye_BML,zorah,4,final/em/em106/00/mod/em106_00_eye_BML.tex,BC1S
190,edit/em/em106/00/mod/em106_00_metal_BM.png,em106_00_metal_BM,zorah,4,final/em/em106/00/mod/em106_00_metal_BM.tex,BC1S
192,edit/em/em106/00/mod/gnd06_lava3_02_BML.png,gnd06_lava3_02_BML,zorah,4,final/em/em106/00/mod/gnd06_lava3_02_BML.tex,BC1S
191,edit/em/em106/00/mod/box120_043_00_BML.png,box120_043_00_BML,zorah,4,final/em/em106/00/mod/box120_043_00_BML.tex,BC1S
191,edit/em/em106/00/mod/gnd05_rock_04a_BML.png,gnd05_rock_04a_BML,zorah,4,final/em/em106/00/mod/gnd05_rock_04a_BML.tex,BC1S
191,edit/em/em106/00/mod/stm520_000_00_BML.png,stm520_000_00_BML,zorah,4,final/em/em106/00/mod/stm520_000_00_BML.tex,BC1S
191,edit/em/em106/00/mod/stm520_024_00_BML.png,stm520_024_00_BML,zorah,4,final/em/em106/00/mod/stm520_024_00_BML.tex,BC1S
191,edit/em/em106/00/mod/stm520_050_00a_BML.png,stm520_050_00a_BML,zorah,4,final/em/em106/00/mod/stm520_050_00a_BML.tex,BC1S
191,edit/em/em106/00/mod/stm650_001_00_00_BML.png,stm650_001_00_00_BML,zorah,4,final/em/em106/00/mod/stm650_001_00_00_BML.tex,BC1S
191,edit/em/em106/00/mod/stm650_001_00_01_BML.png,stm650_001_00_01_BML,zorah,4,final/em/em106/00/mod/stm650_001_00_01_BML.tex,BC1S
191,edit/em/em106/00/mod/stm650_002_00_00_BML.png,stm650_002_00_00_BML,zorah,4,final/em/em106/00/mod/stm650_002_00_00_BML.tex,BC1S
191,edit/em/em106/00/mod/stm650_002_00_01_BML.png,stm650_002_00_01_BML,zorah,4,final/em/em106/00/mod/stm650_002_00_01_BML.tex,BC1S
191,edit/em/em106/00/mod/stm650_002_00_02_BML.png,stm650_002_00_02_BML,zorah,4,final/em/em106/00/mod/stm650_002_00_02_BML.tex,BC1S
191,edit/em/em106/00/mod/stm650_003_00_00_BML.png,stm650_003_00_00_BML,zorah,4,final/em/em106/00/mod/stm650_003_00_00_BML.tex,BC1S
191,edit/em/em106/00/mod/stm650_003_00_01_BML.png,stm650_003_00_01_BML,zorah,4,final/em/em106/00/mod/stm650_003_00_01_BML.tex,BC1S
191,edit/em/em106/00/mod/stm650_004_00_00_BML.png,stm650_004_00_00_BML,zorah,4,final/em/em106/00/mod/stm650_004_00_00_BML.tex,BC1S
191,edit/em/em106/00/mod/stm650_004_00_01_BML.png,stm650_004_00_01_BML,zorah,4,final/em/em106/00/mod/stm650_004_00_01_BML.tex,BC1S
191,edit/em/em106/00/mod/stm650_005_00_00_BML.png,stm650_005_00_00_BML,zorah,4,final/em/em106/00/mod/stm650_005_00_00_BML.tex,BC1S
191,edit/em/em106/00/mod/stm650_005_00_01_BML.png,stm650_005_00_01_BML,zorah,4,final/em/em106/00/mod/stm650_005_00_01_BML.tex,BC1S
191,edit/em/em106/00/mod/stm650_006_00_00_BML.png,stm650_006_00_00_BML,zorah,4,final/em/em106/00/mod/stm650_006_00_00_BML.tex,BC1S
191,edit/em/em106/00/mod/stm650_006_00_01_BML.png,stm650_006_00_01_BML,zorah,4,final/em/em106/00/mod/stm650_006_00_01_BML.tex,BC1S
191,edit/em/em106/00/mod/stm650_007_00a_BML.png,stm650_007_00a_BML,zorah,4,final/em/em106/00/mod/stm650_007_00a_BML.tex,BC1S
191,edit/em/em106/00/mod/yougan00_BM.png,yougan00_BM,zorah,4,final/em/em106/00/mod/yougan00_BM.tex,BC1S
191,edit/em/ems060/00/mod/ems060_00_BM.png,ems060_00_BM,magmacore,4,final/em/ems060/00/mod/ems060_00_BM.tex,BC1S
191,edit/em/ems060/01/mod/ems060_01_head_core_BML.png,ems060_01_head_core_BML,magmacore,4,final/em/ems060/01/mod/ems060_01_head_core_BML.tex,BC1S
191,edit/em/ems060/01/mod/ems060_01_tail_core_BM.png,ems060_01_tail_core_BM,magmacore,4,final/em/ems060/01/mod/ems060_01_tail_core_BM.tex,BC1S
211,edit/em/em107/00/mod/em107_00_BM.png,em107_00_BM,kulu,8,final/em/em107/00/mod/em107_00_BM.tex,BC1S
212,edit/em/em107/00/mod/em107_00_damage_BM.png,em107_00_damage_BM,kulu,4,final/em/em107/00/mod/em107_00_damage_BM.tex,BC7S
213,edit/em/em107/00/mod/em107_00_eye_bML.png,em107_00_eye_bML,kulu,4,final/em/em107/00/mod/em107_00_eye_bML.tex,BC1S
214,edit/em/em107/00/mod/em107_bombrock_BML.png,em107_bombrock_BML,kulu,4,final/em/em107/00/mod/em107_bombrock_BML.tex,BC1S
215,edit/em/em107/00/mod/em107_hardrock_BML.png,em107_hardrock_BML,kulu,4,final/em/em107/00/mod/em107_hardrock_BML.tex,BC1S
216,edit/em/em107/00/mod/em107_rock_BML.png,em107_rock_BML,kulu,4,final/em/em107/00/mod/em107_rock_BML.tex,BC1S
217,edit/em/em108/00/mod/em108_00_BM.png,em108_00_BM,jyuratodus,8,final/em/em108/00/mod/em108_00_BM.tex,BC7S
218,edit/em/em108/00/mod/em108_00_damage_BM.png,em108_00_damage_BM,jyuratodus,4,final/em/em108/00/mod/em108_00_damage_BM.tex,BC7S
219,edit/em/em108/00/mod/em108_00_mud_BM.png,em108_00_mud_BM,jyuratodus,4,final/em/em108/00/mod/em108_00_mud_BM.tex,BC1S
220,edit/em/em109/00/mod/em109_00_1_BML.png,em109_00_1_BML,tobi,4,final/em/em109/00/mod/em109_00_1_BML.tex,BC1S
221,edit/em/em109/00/mod/em109_00_BML.png,em109_00_BML,tobi,8,final/em/em109/00/mod/em109_00_BML.tex,BC1S
222,edit/em/em109/00/mod/em109_00_damage_BM.png,em109_00_damage_BM,tobi,4,final/em/em109/00/mod/em109_00_damage_BM.tex,BC7S
223,edit/em/em109/00/mod/em109_00_eye_BML.png,em109_00_eye_BML,tobi,4,final/em/em109/00/mod/em109_00_eye_BML.tex,BC1S
224,edit/em/em109/01/mod/em109_01_1_BML.png,em109_01_1_BML,viper tobi,4,final/em/em109/01/mod/em109_01_1_BML.tex,BC1S
225,edit/em/em109/01/mod/em109_01_BML.png,em109_01_BML,viper tobi,8,final/em/em109/01/mod/em109_01_BML.tex,BC1S
226,edit/em/em109/01/mod/em109_01_damage_BM.png,em109_01_damage_BM,viper tobi,4,final/em/em109/01/mod/em109_01_damage_BM.tex,BC7S
227,edit/em/em109/01/mod/em109_01_eye_BML.png,em109_01_eye_BML,viper tobi,4,final/em/em109/01/mod/em109_01_eye_BML.tex,BC1S
228,edit/em/em109/01/mod/em109_01_thorn_BM.png,em109_01_thorn_BM,viper tobi,4,final/em/em109/01/mod/em109_01_thorn_BM.tex,BC7S
229,edit/em/em110/00/mod/em110_00_BM.png,em110_00_BM,paolumu,8,final/em/em110/00/mod/em110_00_BM.tex,BC7S
230,edit/em/em110/00/mod/em110_00_damage_BM.png,em110_00_damage_BM,paolumu,4,final/em/em110/00/mod/em110_00_damage_BM.tex,BC7S
231,edit/em/em110/00/mod/em110_00_eye_BML.png,em110_00_eye_BML,paolumu,4,final/em/em110/00/mod/em110_00_eye_BML.tex,BC1S
232,edit/em/em110/00/mod/em110_00_sphere_BM.png,em110_00_sphere_BM,paolumu,4,final/em/em110/00/mod/em110_00_sphere_BM.tex,BC1S
233,edit/em/em110/01/mod/em110_01_BM.png,em110_01_BM,nightshade paolumu,8,final/em/em110/01/mod/em110_01_BM.tex,BC7S
234,edit/em/em110/01/mod/em110_01_damage_BM.png,em110_01_damage_BM,nightshade paolumu,4,final/em/em110/01/mod/em110_01_damage_BM.tex,BC7S
235,edit/em/em110/01/mod/em110_01_eye_BML.png,em110_01_eye_BML,nightshade paolumu,4,final/em/em110/01/mod/em110_01_eye_BML.tex,BC1S
236,edit/em/em110/01/mod/em110_01_sphere_BM.png,em110_01_sphere_BM,nightshade paolumu,4,final/em/em110/01/mod/em110_01_sphere_BM.tex,BC1S
237,edit/em/em111/00/mod/em111_00_BML.png,em111_00_BML,legiana,8,final/em/em111/00/mod/em111_00_BML.tex,BC1S
238,edit/em/em111/00/mod/em111_00_damage_BM.png,em111_00_damage_BM,legiana,4,final/em/em111/00/mod/em111_00_damage_BM.tex,BC7S
239,edit/em/em111/00/mod/em111_00_eye_BM.png,em111_00_eye_BM,legiana,4,final/em/em111/00/mod/em111_00_eye_BM.tex,BC1S
240,edit/em/em111/00/mod/em111_00_ice_B_BM.png,em111_00_ice_B_BM,legiana,4,final/em/em111/00/mod/em111_00_ice_B_BM.tex,BC7S
241,edit/em/em111/00/mod/em111_00_ice_BM.png,em111_00_ice_BM,legiana,4,final/em/em111/00/mod/em111_00_ice_BM.tex,BC7S
242,edit/em/em111/05/mod/em111_05_BML.png,em111_05_BML,shrieking legiana,8,final/em/em111/05/mod/em111_05_BML.tex,BC1S
243,edit/em/em111/05/mod/em111_05_damage_BM.png,em111_05_damage_BM,shrieking legiana,4,final/em/em111/05/mod/em111_05_damage_BM.tex,BC7S
244,edit/em/em111/05/mod/em111_05_eye_BM.png,em111_05_eye_BM,shrieking legiana,4,final/em/em111/05/mod/em111_05_eye_BM.tex,BC1S
245,edit/em/em111/05/mod/em111_05_ice_B_BM.png,em111_05_ice_B_BM,shrieking legiana,4,final/em/em111/05/mod/em111_05_ice_B_BM.tex,BC7S
246,edit/em/em111/05/mod/em111_05_ice_BM.png,em111_05_ice_BM,shrieking legiana,4,final/em/em111/05/mod/em111_05_ice_BM.tex,BC7S
247,edit/em/em111/05/mod/em111_05_ice_C_BM.png,em111_05_ice_C_BM,shrieking legiana,4,final/em/em111/05/mod/em111_05_ice_C_BM.tex,BC7S
248,edit/em/em112/00/mod/em112_00_BM.png,em112_00_BM,great girros,8,final/em/em112/00/mod/em112_00_BM.tex,BC1S
248,edit/em/ems056/00/mod/ems056_00_BM.png,ems056_00_BM,girros,4,final/em/ems056/00/mod/ems056_00_BM.tex,BC1S
249,edit/em/em112/00/mod/em112_00_damage_BM.png,em112_00_damage_BM,great girros,4,final/em/em112/00/mod/em112_00_damage_BM.tex,BC7S
250,edit/em/em112/00/mod/em112_00_eye_BML.png,em112_00_eye_BML,great girros,4,final/em/em112/00/mod/em112_00_eye_BML.tex,BC1S
251,edit/em/em113/00/mod/em113_00_BML.png,em113_00_BML,odogaron,8,final/em/em113/00/mod/em113_00_BML.tex,BC1S
252,edit/em/em113/00/mod/em113_00_damage_BM.png,em113_00_damage_BM,odogaron,4,final/em/em113/00/mod/em113_00_damage_BM.tex,BC7S
253,edit/em/em113/01/mod/em113_01_BML.png,em113_01_BML,ebony odogaron,8,final/em/em113/01/mod/em113_01_BML.tex,BC1S
254,edit/em/em113/01/mod/em113_01_damage_BM.png,em113_01_damage_BM,ebony odogaron,4,final/em/em113/01/mod/em113_01_damage_BM.tex,BC7S
255,edit/em/em114/00/mod/em114_00_BML.png,em114_00_BML,radobaan,8,final/em/em114/00/mod/em114_00_BML.tex,BC1S
256,edit/em/em114/00/mod/em114_00_bone_BML.png,em114_00_bone_BML,radobaan,4,final/em/em114/00/mod/em114_00_bone_BML.tex,BC1S
257,edit/em/em114/00/mod/em114_00_damage_BM.png,em114_00_damage_BM,radobaan,4,final/em/em114/00/mod/em114_00_damage_BM.tex,BC7S
258,edit/em/em114/00/mod/em114_00_eye_BML.png,em114_00_eye_BML,radobaan,4,final/em/em114/00/mod/em114_00_eye_BML.tex,BC1S
259,edit/em/em115/00/mod/em115_00_BML.png,em115_00_BML,vaal,8,final/em/em115/00/mod/em115_00_BML.tex,BC1S
260,edit/em/em115/00/mod/em115_00_damage_BM.png,em115_00_damage_BM,vaal,4,final/em/em115/00/mod/em115_00_damage_BM.tex,BC7S
261,edit/em/em115/00/mod/em115_00_eye_BM.png,em115_00_eye_BM,vaal,4,final/em/em115/00/mod/em115_00_eye_BM.tex,BC1S
262,edit/em/em115/05/mod/em115_05_BML.png,em115_05_BML,blackveil vaal,8,final/em/em115/05/mod/em115_05_BML.tex,BC1S
263,edit/em/em115/05/mod/em115_05_damage_BM.png,em115_05_damage_BM,blackveil vaal,4,final/em/em115/05/mod/em115_05_damage_BM.tex,BC7S
264,edit/em/em115/05/mod/em115_05_eye_BM.png,em115_05_eye_BM,blackveil vaal,4,final/em/em115/05/mod/em115_05_eye_BM.tex,BC1S
265,edit/em/em115/05/mod/em115_05_mold_BML.png,em115_05_mold_BML,blackveil vaal,4,final/em/em115/05/mod/em115_05_mold_BML.tex,BC1S
266,edit/em/em116/00/mod/em116_00_BM.png,em116_00_BM,dodogama,8,final/em/em116/00/mod/em116_00_BM.tex,BC1S
267,edit/em/em116/00/mod/em116_00_damage_BM.png,em116_00_damage_BM,dodogama,4,final/em/em116/00/mod/em116_00_damage_BM.tex,BC7S
268,edit/em/em116/00/mod/em116_00_eye_BM.png,em116_00_eye_BM,dodogama,4,final/em/em116/00/mod/em116_00_eye_BM.tex,BC1S
269,edit/em/em116/00/mod/em116_00_rock_BM.png,em116_00_rock_BM,dodogama,4,final/em/em116/00/mod/em116_00_rock_BM.tex,BC1S
270,edit/em/em117/00/mod/em117_00_BML.png,em117_00_BML,kulve,8,final/em/em117/00/mod/em117_00_BML.tex,BC1S
274,edit/em/em117/00/mod/em117_00_gold_BML.png,em117_00_gold_BML,kulve,4,final/em/em117/00/mod/em117_00_gold_BML.tex,BC1S
276,edit/em/em117/00/mod/em117_00_melthorn_BML.png,em117_00_melthorn_BML,kulve,4,final/em/em117/00/mod/em117_00_melthorn_BML.tex,BC1S
271,edit/em/em117/00/mod/em117_00_damage_BM.png,em117_00_damage_BM,kulve,4,final/em/em117/00/mod/em117_00_damage_BM.tex,BC7S
272,edit/em/em117/00/mod/em117_00_env_BML.png,em117_00_env_BML,kulve,4,final/em/em117/00/mod/em117_00_env_BML.tex,BC1S
273,edit/em/em117/00/mod/em117_00_eye_BML.png,em117_00_eye_BML,kulve,4,final/em/em117/00/mod/em117_00_eye_BML.tex,BC1S
275,edit/em/em117/00/mod/em117_00_gold_damage_BM.png,em117_00_gold_damage_BM,kulve,4,final/em/em117/00/mod/em117_00_gold_damage_BM.tex,BC7S
277,edit/em/em117/00/mod/em117_00_noise_BML.png,em117_00_noise_BML,kulve,4,final/em/em117/00/mod/em117_00_noise_BML.tex,BC1S
278,edit/em/em118/00/mod/em118_00_BML.png,em118_00_BML,bazel,8,final/em/em118/00/mod/em118_00_BML.tex,BC1S
279,edit/em/em118/00/mod/em118_00_bomb_BM.png,em118_00_bomb_BM,bazel,4,final/em/em118/00/mod/em118_00_bomb_BM.tex,BC7S
280,edit/em/em118/00/mod/em118_00_damage_BM.png,em118_00_damage_BM,bazel,4,final/em/em118/00/mod/em118_00_damage_BM.tex,BC7S
281,edit/em/em118/00/mod/em118_00_eye_BML.png,em118_00_eye_BML,bazel,4,final/em/em118/00/mod/em118_00_eye_BML.tex,BC1S
282,edit/em/em118/05/mod/em118_05_BML.png,em118_05_BML,seething bazel,8,final/em/em118/05/mod/em118_05_BML.tex,BC1S
283,edit/em/em118/05/mod/em118_05_bomb_BM.png,em118_05_bomb_BM,seething bazel,4,final/em/em118/05/mod/em118_05_bomb_BM.tex,BC7S
284,edit/em/em118/05/mod/em118_05_damage_BM.png,em118_05_damage_BM,seething bazel,4,final/em/em118/05/mod/em118_05_damage_BM.tex,BC7S
285,edit/em/em118/05/mod/em118_05_eye_BML.png,em118_05_eye_BML,seething bazel,4,final/em/em118/05/mod/em118_05_eye_BML.tex,BC1S
286,edit/em/em120/00/mod/em120_00_BM.png,em120_00_BM,tzi tzi,8,final/em/em120/00/mod/em120_00_BM.tex,BC1S
287,edit/em/em120/00/mod/em120_00_damage_BM.png,em120_00_damage_BM,tzi tzi,4,final/em/em120/00/mod/em120_00_damage_BM.tex,BC7S
288,edit/em/em120/00/mod/em120_00_eye_BM.png,em120_00_eye_BM,tzi tzi,4,final/em/em120/00/mod/em120_00_eye_BM.tex,BC1S
289,edit/em/em121/00/mod/em121_00_BM.png,em121_00_BM,behemoth,8,final/em/em121/00/mod/em121_00_BM.tex,BC1S
290,edit/em/em121/00/mod/em121_00_comet_BML.png,em121_00_comet_BML,behemoth,4,final/em/em121/00/mod/em121_00_comet_BML.tex,BC1S
291,edit/em/em121/00/mod/em121_00_damage_BM.png,em121_00_damage_BM,behemoth,4,final/em/em121/00/mod/em121_00_damage_BM.tex,BC7S
292,edit/em/em121/00/mod/em121_00_eye_BML.png,em121_00_eye_BML,behemoth,4,final/em/em121/00/mod/em121_00_eye_BML.tex,BC1S
293,edit/em/em121/00/mod/em121_00_fur_BM.png,em121_00_fur_BM,behemoth,4,final/em/em121/00/mod/em121_00_fur_BM.tex,BC7S
294,edit/em/em122/00/mod/em122_00_BML.png,em122_00_BML,beotodus,8,final/em/em122/00/mod/em122_00_BML.tex,BC1S
295,edit/em/em122/00/mod/em122_00_damage_BM.png,em122_00_damage_BM,beotodus,4,final/em/em122/00/mod/em122_00_damage_BM.tex,BC7S
296,edit/em/em122/00/mod/em122_00_eye_BML.png,em122_00_eye_BML,beotodus,4,final/em/em122/00/mod/em122_00_eye_BML.tex,BC1S
297,edit/em/em122/00/mod/em122_00_snow_BML.png,em122_00_snow_BML,beotodus,4,final/em/em122/00/mod/em122_00_snow_BML.tex,BC1S
298,edit/em/em123/00/mod/em123_00_BM.png,em123_00_BM,banbaro,8,final/em/em123/00/mod/em123_00_BM.tex,BC1S
299,edit/em/em123/00/mod/em123_00_damage_BM.png,em123_00_damage_BM,banbaro,4,final/em/em123/00/mod/em123_00_damage_BM.tex,BC7S
300,edit/em/em123/00/mod/em123_00_eye_BML.png,em123_00_eye_BML,banbaro,4,final/em/em123/00/mod/em123_00_eye_BML.tex,BC1S
301,edit/em/em123/00/mod/em123_00_fur_BM.png,em123_00_fur_BM,banbaro,4,final/em/em123/00/mod/em123_00_fur_BM.tex,BC7S
302,edit/em/em124/00/mod/em124_00_BML.png,em124_00_BML,velkhana,8,final/em/em124/00/mod/em124_00_BML.tex,BC1S
303,edit/em/em124/00/mod/em124_00_crystal_BML.png,em124_00_crystal_BML,velkhana,4,final/em/em124/00/mod/em124_00_crystal_BML.tex,BC1S
304,edit/em/em124/00/mod/em124_00_damage_BM.png,em124_00_damage_BM,velkhana,4,final/em/em124/00/mod/em124_00_damage_BM.tex,BC7S
305,edit/em/em124/00/mod/em124_00_eye_BML.png,em124_00_eye_BML,velkhana,4,final/em/em124/00/mod/em124_00_eye_BML.tex,BC1S
306,edit/em/em124/00/mod/em124_00_ice_BM.png,em124_00_ice_BM,velkhana,4,final/em/em124/00/mod/em124_00_ice_BM.tex,BC7S
307,edit/em/em124/00/mod/em124_00_iceblend_BM.png,em124_00_iceblend_BM,velkhana,4,final/em/em124/00/mod/em124_00_iceblend_BM.tex,BC7S
308,edit/em/em125/00/mod/em125_00_BM.png,em125_00_BM,namielle,8,final/em/em125/00/mod/em125_00_BM.tex,BC1S
309,edit/em/em125/00/mod/em125_00_damage_BM.png,em125_00_damage_BM,namielle,4,final/em/em125/00/mod/em125_00_damage_BM.tex,BC7S
310,edit/em/em125/00/mod/em125_00_eye_BML.png,em125_00_eye_BML,namielle,4,final/em/em125/00/mod/em125_00_eye_BML.tex,BC1S
311,edit/em/em126/00/mod/em126_00_00_BML.png,em126_00_00_BML,shara,4,final/em/em126/00/mod/em126_00_00_BML.tex,BC1S
312,edit/em/em126/00/mod/em126_00_00_dg_BML.png,em126_00_00_dg_BML,shara,4,final/em/em126/00/mod/em126_00_00_dg_BML.tex,BC1S
313,edit/em/em126/00/mod/em126_00_01_BML.png,em126_00_01_BML,shara,4,final/em/em126/00/mod/em126_00_01_BML.tex,BC1S
314,edit/em/em126/00/mod/em126_00_01_dg_BML.png,em126_00_01_dg_BML,shara,4,final/em/em126/00/mod/em126_00_01_dg_BML.tex,BC1S
315,edit/em/em126/00/mod/em126_00_01_eye_BML.png,em126_00_01_eye_BML,shara,4,final/em/em126/00/mod/em126_00_01_eye_BML.tex,BC1S
316,edit/em/em126/00/mod/em126_00_eye_BML.png,em126_00_eye_BML,shara,4,final/em/em126/00/mod/em126_00_eye_BML.tex,BC1S
317,edit/em/em127/00/mod/em127_00_BM.png,em127_00_BM,leshen,8,final/em/em127/00/mod/em127_00_BM.tex,BC7S
318,edit/em/em127/00/mod/em127_00_damage_BM.png,em127_00_damage_BM,leshen,4,final/em/em127/00/mod/em127_00_damage_BM.tex,BC7S
319,edit/em/em127/01/mod/em127_01_BM.png,em127_01_BM,ancient leshen,8,final/em/em127/01/mod/em127_01_BM.tex,BC7S
320,edit/em/em127/01/mod/em127_01_damage_BM.png,em127_01_damage_BM,ancient leshen,4,final/em/em127/01/mod/em127_01_damage_BM.tex,BC7S
321,edit/em/ems001/00/mod/ems001_00_01_BML.png,ems001_00_01_BML,aptonoth,4,final/em/ems001/00/mod/ems001_00_01_BML.tex,BC1S
322,edit/em/ems002/00/mod/ems002_00_BML.png,ems002_00_BML,apceros,4,final/em/ems002/00/mod/ems002_00_BML.tex,BC1S
323,edit/em/ems003/00/mod/ems003_00_BM.png,ems003_00_BM,kelbi,4,final/em/ems003/00/mod/ems003_00_BM.tex,BC7S
323,edit/em/ems003/05/mod/ems003_05_BM.png,ems003_05_BM,kelbi,4,final/em/ems003/05/mod/ems003_05_BM.tex,BC7S
325,edit/em/ems004/00/mod/ems004_00_BM.png,ems004_00_BM,mosswine,4,final/em/ems004/00/mod/ems004_00_BM.tex,BC1S
326,edit/em/ems004/00/mod/ems004_00_glitter_BM.png,ems004_00_glitter_BM,mosswine,4,final/em/ems004/00/mod/ems004_00_glitter_BM.tex,BC7S
327,edit/em/ems005/01/mod/ems005_01_BM.png,ems005_01_BM,hornetaur,4,final/em/ems005/01/mod/ems005_01_BM.tex,BC1S
328,edit/em/ems006/00/mod/ems006_00_BM.png,ems006_00_BM,vespoid,4,final/em/ems006/00/mod/ems006_00_BM.tex,BC7S
329,edit/em/ems014/00/mod/ems014_00_BML.png,ems014_00_BML,popo,4,final/em/ems014/00/mod/ems014_00_BML.tex,BC1S
330,edit/em/ems016/00/mod/ems016_00_BML.png,ems016_00_BML,anteka,4,final/em/ems016/00/mod/ems016_00_BML.tex,BC1S
331,edit/em/ems029/00/mod/ems029_00_BM.png,ems029_00_BM,gajau,4,final/em/ems029/00/mod/ems029_00_BM.tex,BC7S
333,edit/em/ems050/00/mod/ems050_00_BM.png,ems050_00_BM,mernos,4,final/em/ems050/00/mod/ems050_00_BM.tex,BC7S
334,edit/em/ems051/00/mod/ems051_00_BM.png,ems051_00_BM,kestodon,4,final/em/ems051/00/mod/ems051_00_BM.tex,BC1S
334,edit/em/ems051/05/mod/ems051_05_BM.png,ems051_05_BM,kestodon,4,final/em/ems051/05/mod/ems051_05_BM.tex,BC1S
336,edit/em/ems053/00/mod/ems053_00_BM.png,ems053_00_BM,raphinos,4,final/em/ems053/00/mod/ems053_00_BM.tex,BC1S
337,edit/em/ems054/00/mod/ems054_00_BML.png,ems054_00_BML,shamos,4,final/em/ems054/00/mod/ems054_00_BML.tex,BC1S
338,edit/em/ems054/00/mod/ems054_00_eye_BML.png,ems054_00_eye_BML,shamos,4,final/em/ems054/00/mod/ems054_00_eye_BML.tex,BC1S
339,edit/em/ems055/00/mod/ems055_00_BML.png,ems055_00_BML,barnos,4,final/em/ems055/00/mod/ems055_00_BML.tex,BC1S
341,edit/em/ems058/00/mod/ems058_00_BM.png,ems058_00_BM,gastodon,4,final/em/ems058/00/mod/ems058_00_BM.tex,BC1S
342,edit/em/ems059/00/mod/ems059_00_BM.png,ems059_00_BM,noios,4,final/em/ems059/00/mod/ems059_00_BM.tex,BC1S
346,edit/em/ems061/00/mod/ems061_00_accgold_BML.png,ems061_00_accgold_BML,gajalaka golden tribe or boaboa,4,final/em/ems061/00/mod/ems061_00_accgold_BML.tex,BC1S
346,edit/em/ems061/00/mod/ems061_00_bodygold_BML.png,ems061_00_bodygold_BML,gajalaka golden tribe or boaboa,4,final/em/ems061/00/mod/ems061_00_bodygold_BML.tex,BC1S
346,edit/em/ems061/00/mod/ems061_00_helmgold_BML.png,ems061_00_helmgold_BML,gajalaka golden tribe or boaboa,4,final/em/ems061/00/mod/ems061_00_helmgold_BML.tex,BC1S
346,edit/em/ems061/00/mod/ems061_00_wegold_BML.png,ems061_00_wegold_BML,gajalaka golden tribe or boaboa,4,final/em/ems061/00/mod/ems061_00_wegold_BML.tex,BC1S
347,edit/em/ems061/00/mod/ems061_00_accplatinum_BML.png,ems061_00_accplatinum_BML,gajalaka golden tribe or boaboa,4,final/em/ems061/00/mod/ems061_00_accplatinum_BML.tex,BC1S
347,edit/em/ems061/00/mod/ems061_00_bodyplatinum_BML.png,ems061_00_bodyplatinum_BML,gajalaka golden tribe or boaboa,4,final/em/ems061/00/mod/ems061_00_bodyplatinum_BML.tex,BC1S
347,edit/em/ems061/00/mod/ems061_00_helmplatinum_BML.png,ems061_00_helmplatinum_BML,gajalaka golden tribe or boaboa,4,final/em/ems061/00/mod/ems061_00_helmplatinum_BML.tex,BC1S
347,edit/em/ems061/00/mod/ems061_00_weplatinum_BML.png,ems061_00_weplatinum_BML,gajalaka golden tribe or boaboa,4,final/em/ems061/00/mod/ems061_00_weplatinum_BML.tex,BC1S
354,edit/em/ems061/00/mod/ems061_00_z_BML.png,ems061_00_z_BML,gajalaka golden tribe or boaboa,4,final/em/ems061/00/mod/ems061_00_z_BML.tex,BC1S
354,edit/em/ems061/00/mod/ems061_00_z_acc_BML.png,ems061_00_z_acc_BML,gajalaka golden tribe or boaboa,4,final/em/ems061/00/mod/ems061_00_z_acc_BML.tex,BC1S
354,edit/em/ems061/00/mod/ems061_00_z_body_BML.png,ems061_00_z_body_BML,gajalaka golden tribe or boaboa,4,final/em/ems061/00/mod/ems061_00_z_body_BML.tex,BC1S
354,edit/em/ems061/00/mod/ems061_00_z_helm_BM.png,ems061_00_z_helm_BM,gajalaka golden tribe or boaboa,4,final/em/ems061/00/mod/ems061_00_z_helm_BM.tex,BC7S
354,edit/em/ems061/00/mod/ems061_00_z_we_BML.png,ems061_00_z_we_BML,gajalaka golden tribe or boaboa,4,final/em/ems061/00/mod/ems061_00_z_we_BML.tex,BC1S
359,edit/em/ems061/01/mod/ems061_01_7_BML.png,ems061_01_7_BML,gajalaka golden tribe or boaboa,4,final/em/ems061/01/mod/ems061_01_7_BML.tex,BC1S
359,edit/em/ems061/01/mod/ems061_01_body_BML.png,ems061_01_body_BML,gajalaka golden tribe or boaboa,4,final/em/ems061/01/mod/ems061_01_body_BML.tex,BC1S
359,edit/em/ems061/01/mod/ems061_01_head_BML.png,ems061_01_head_BML,gajalaka golden tribe or boaboa,4,final/em/ems061/01/mod/ems061_01_head_BML.tex,BC1S
359,edit/em/ems061/01/mod/ems061_01_weapon_BML.png,ems061_01_weapon_BML,gajalaka golden tribe or boaboa,4,final/em/ems061/01/mod/ems061_01_weapon_BML.tex,BC1S
363,edit/em/ems063/00/mod/ems063_00_BML.png,ems063_00_BML,wulg,4,final/em/ems063/00/mod/ems063_00_BML.tex,BC1S
364,edit/em/ems063/00/mod/ems063_00_eye_BML.png,ems063_00_eye_BML,wulg,4,final/em/ems063/00/mod/ems063_00_eye_BML.tex,BC1S
365,edit/em/ems064/00/mod/ems064_00_BML.png,ems064_00_BML,cortos,4,final/em/ems064/00/mod/ems064_00_BML.tex,BC1S